test.claim.accelerator_demo_execution_witness.accelerator_demo_execution_lane_witnesses	REFERENCE-UNAVAILABLE	R6-variant-or-type-name	LocalAccelerator	undefined variable: LocalAccelerator
test.claim.accelerator_demo_model_witness.accelerator_demo_modeling_lane_witnesses	REFERENCE-UNAVAILABLE	R6-variant-or-type-name	LocalAccelerator	undefined variable: LocalAccelerator
test.claim.ci_deploy_target_host_witness.witness_deploy_stage_pins_srv1_runner_label	REFERENCE-UNAVAILABLE	R1-data-in-unimported-module	gunbc_ci_deploy_srv1_stage	no such function: gunbc_ci_deploy_srv1_stage
test.claim.ci_deploy_target_host_witness.witness_deploy_job_not_on_ubicloud_runner	REFERENCE-UNAVAILABLE	R1-data-in-unimported-module	gunbc_ci_deploy_srv1_stage	no such function: gunbc_ci_deploy_srv1_stage
test.claim.config_record_emit_witness.witness_manifest_knobs_space_separated	REFERENCE-UNAVAILABLE	R1-data-in-unimported-module	manifest_record_knobs	no such function: manifest_record_knobs
test.claim.config_record_emit_witness.witness_same_fields_differ_across_knobs	REFERENCE-UNAVAILABLE	R1-data-in-unimported-module	manifest_record_knobs	no such function: manifest_record_knobs
test.claim.design_argument_witness.design_s1_argument_form_is_valid	REFERENCE-UNAVAILABLE	R1-data-in-unimported-module	design_section_1_argument	no such function: design_section_1_argument
test.claim.design_argument_witness.design_s1_argument_is_non_vacuous	REFERENCE-UNAVAILABLE	R1-data-in-unimported-module	design_section_1_argument	no such function: design_section_1_argument
test.claim.design_argument_witness.design_full_argument_form_is_valid	REFERENCE-UNAVAILABLE	R1-data-in-unimported-module	design_argument	no such function: design_argument
test.claim.design_argument_witness.design_full_argument_has_no_orphan	REFERENCE-UNAVAILABLE	R1-data-in-unimported-module	design_argument	no such function: design_argument
test.claim.design_argument_witness.design_full_argument_is_acyclic	REFERENCE-UNAVAILABLE	R1-data-in-unimported-module	design_argument	no such function: design_argument
test.claim.design_argument_witness.design_full_argument_axiom_set_is_closed	REFERENCE-UNAVAILABLE	R1-data-in-unimported-module	design_argument	no such function: design_argument
test.claim.design_argument_witness.orphan_is_detected	REFERENCE-UNAVAILABLE	R1-data-in-unimported-module	design_axioms	no such function: design_axioms
test.claim.design_argument_witness.cycle_is_detected	REFERENCE-UNAVAILABLE	R1-data-in-unimported-module	design_axioms	no such function: design_axioms
test.claim.design_argument_witness.smuggled_axiom_is_detected	REFERENCE-UNAVAILABLE	R1-data-in-unimported-module	design_axioms	no such function: design_axioms
test.claim.ebay_listing_witness.witness_default_listing_policy_targets_us_marketplace	REFERENCE-UNAVAILABLE	R1-data-in-unimported-module	default_marketplace	no such function: default_marketplace
test.claim.emit_host_gate_witness.w_rust_fixture_nonempty	REFERENCE-UNAVAILABLE	R1-data-in-unimported-module	rust_stdout_fixture_source	no such function: rust_stdout_fixture_source
test.claim.emit_host_gate_witness.w_python_fixture_nonempty	REFERENCE-UNAVAILABLE	R1-data-in-unimported-module	python_stdout_fixture_source	no such function: python_stdout_fixture_source
test.claim.emit_host_gate_witness.w_go_fixture_nonempty	REFERENCE-UNAVAILABLE	R1-data-in-unimported-module	go_stdout_fixture_source	no such function: go_stdout_fixture_source
test.claim.emit_host_gate_witness.w_ts_fixture_nonempty	REFERENCE-UNAVAILABLE	R1-data-in-unimported-module	ts_host_fixture_source	no such function: ts_host_fixture_source
test.claim.emit_host_gate_witness.w_byte_count_is_five	REFERENCE-UNAVAILABLE	R1-data-in-unimported-module	stdout_byte_count	no such function: stdout_byte_count
test.claim.emit_host_gate_witness.w_ts_byte_count_is_four	REFERENCE-UNAVAILABLE	R1-data-in-unimported-module	ts_signed_i32_le_byte_count	no such function: ts_signed_i32_le_byte_count
test.claim.fleet_convergence_verdict_witness.live_fleet_is_not_converged_and_unobserved_cells_are_counted	REFERENCE-UNAVAILABLE	R1-data-in-unimported-module	srv3_post_install_lease_table_fixture	no such function: srv3_post_install_lease_table_fixture
test.claim.fleet_convergence_verdict_witness.knob_receipts_alone_cannot_converge_the_fleet	REFERENCE-UNAVAILABLE	R1-data-in-unimported-module	srv3_post_install_lease_table_fixture	no such function: srv3_post_install_lease_table_fixture
test.claim.fleet_receipt_collector_witness.witness_partial_collection_never_yields_fleet_converged	REFERENCE-UNAVAILABLE	R1-data-in-unimported-module	srv3_install_hang_no_router_lease_ms	no such function: srv3_install_hang_no_router_lease_ms
test.claim.go_module_versioning_witness.w_go_manifest_file	REFERENCE-UNAVAILABLE	R1-data-in-unimported-module	go_manifest_file	no such function: go_manifest_file
test.claim.hand_lens_host_bridge_scaffold_watchdog.hand_lens_host_bridge_scaffold_roster_tracks_5364_dissolution	REFERENCE-UNAVAILABLE	R1-data-in-unimported-module	transport_script_position_host_bridge_dissolution_trigger	no such function: transport_script_position_host_bridge_dissolution_trigger
test.claim.hetzner_cost_quote_witness.hetzner_cax41_cost_class_is_per_second_billed	REFERENCE-UNAVAILABLE	R1-data-in-unimported-module	cax41_catalog	no such function: cax41_catalog
test.claim.hetzner_cost_quote_witness.hetzner_cax41_currency_is_eur	REFERENCE-UNAVAILABLE	R1-data-in-unimported-module	cax41_catalog	no such function: cax41_catalog
test.claim.hetzner_cost_quote_witness.hetzner_cax41_unit_price_matches_catalog	REFERENCE-UNAVAILABLE	R1-data-in-unimported-module	cax41_catalog	no such function: cax41_catalog
test.claim.host_phase_status.witness_reconcile_covers_upsert_teardown_and_noop	HOST-PRIMITIVE-CONTRACT	T1-arity	atom_identity_hash	type error: atom_identity_hash requires exactly one string argument
test.claim.host_phase_status.witness_matrix_is_exact_join_over_participation_programs	REFERENCE-UNAVAILABLE	R1-data-in-unimported-module	srv3_install_hang_no_router_lease_ms	no such function: srv3_install_hang_no_router_lease_ms
test.claim.host_phase_status.witness_live_observation_frontier_is_one_cell	REFERENCE-UNAVAILABLE	R1-data-in-unimported-module	srv3_install_hang_no_router_lease_ms	no such function: srv3_install_hang_no_router_lease_ms
test.claim.host_phase_status.witness_unmodeled_cells_track_spine_gaps	REFERENCE-UNAVAILABLE	R1-data-in-unimported-module	srv3_install_hang_no_router_lease_ms	no such function: srv3_install_hang_no_router_lease_ms
test.claim.host_phase_status.witness_remaining_work_counts_every_unfinished_cell	REFERENCE-UNAVAILABLE	R1-data-in-unimported-module	srv3_install_hang_no_router_lease_ms	no such function: srv3_install_hang_no_router_lease_ms
test.claim.host_phase_status.witness_program_scoping_preserves_the_runner_fleet_matrix	REFERENCE-UNAVAILABLE	R1-data-in-unimported-module	srv3_install_hang_no_router_lease_ms	no such function: srv3_install_hang_no_router_lease_ms
test.claim.host_phase_status.witness_fleet_matrix_has_no_duplicated_cells	REFERENCE-UNAVAILABLE	R1-data-in-unimported-module	srv3_install_hang_no_router_lease_ms	no such function: srv3_install_hang_no_router_lease_ms
test.claim.host_phase_status.witness_matrix_hosts_are_exactly_the_enrolled_roster	REFERENCE-UNAVAILABLE	R1-data-in-unimported-module	srv3_install_hang_no_router_lease_ms	no such function: srv3_install_hang_no_router_lease_ms
test.claim.host_phase_status.witness_enrolled_sparks_carry_exactly_the_shared_obligations	REFERENCE-UNAVAILABLE	R1-data-in-unimported-module	srv3_install_hang_no_router_lease_ms	no such function: srv3_install_hang_no_router_lease_ms
test.claim.host_phase_status.witness_enrolled_spark_cells_are_all_unobserved	REFERENCE-UNAVAILABLE	R1-data-in-unimported-module	srv3_install_hang_no_router_lease_ms	no such function: srv3_install_hang_no_router_lease_ms
test.claim.host_phase_status.witness_runner_only_obligations_exist_on_runner_hosts	REFERENCE-UNAVAILABLE	R1-data-in-unimported-module	srv3_install_hang_no_router_lease_ms	no such function: srv3_install_hang_no_router_lease_ms
test.claim.host_phase_status.witness_every_covered_cell_today_is_the_authored_one	REFERENCE-UNAVAILABLE	R1-data-in-unimported-module	srv3_install_hang_no_router_lease_ms	no such function: srv3_install_hang_no_router_lease_ms
test.claim.host_reach_identity_probe_witness.committed_probe_receipts_feed_producers_and_grow_coverage	REFERENCE-UNAVAILABLE	R1-data-in-unimported-module	srv3_post_install_lease_table_fixture	no such function: srv3_post_install_lease_table_fixture
test.claim.host_reach_identity_probe_witness.observe_host_phase_routes_by_label_and_stays_fail_closed	REFERENCE-UNAVAILABLE	R1-data-in-unimported-module	srv3_post_install_lease_table_fixture	no such function: srv3_post_install_lease_table_fixture
test.claim.host_standup_assimilation_deduction.pre_install_within_budget_is_absent_not_converged	REFERENCE-UNAVAILABLE	R1-data-in-unimported-module	srv3_install_hang_no_router_lease_ms	no such function: srv3_install_hang_no_router_lease_ms
test.claim.host_standup_assimilation_deduction.post_install_lease_row_deduces_converged_noop	REFERENCE-UNAVAILABLE	R1-data-in-unimported-module	srv3_install_hang_no_router_lease_ms	no such function: srv3_install_hang_no_router_lease_ms
test.claim.host_standup_assimilation_deduction.unreadable_lease_is_unknown_refused_not_pending	REFERENCE-UNAVAILABLE	R1-data-in-unimported-module	srv3_install_hang_no_router_lease_ms	no such function: srv3_install_hang_no_router_lease_ms
test.claim.host_standup_assimilation_deduction.no_lease_past_budget_is_drifted_not_fabricated_success	REFERENCE-UNAVAILABLE	R1-data-in-unimported-module	srv3_install_hang_no_router_lease_ms	no such function: srv3_install_hang_no_router_lease_ms
test.claim.host_standup_assimilation_deduction.upsert_pending_applies_assert_pending_plan	REFERENCE-UNAVAILABLE	R1-data-in-unimported-module	srv3_install_hang_no_router_lease_ms	no such function: srv3_install_hang_no_router_lease_ms
test.claim.host_standup_spine.post_install_dhcp_subsumption_reduces_gap_count_by_one	REFERENCE-UNAVAILABLE	R1-data-in-unimported-module	srv3_install_hang_no_router_lease_ms	no such function: srv3_install_hang_no_router_lease_ms
test.claim.realization_reconcile_witness.witness_same_keysource_collapses_to_share	REFERENCE-UNAVAILABLE	R6-variant-or-type-name	LocalInProcess	undefined variable: LocalInProcess
test.claim.realization_reconcile_witness.witness_different_keysource_does_not_collapse	REFERENCE-UNAVAILABLE	R6-variant-or-type-name	LocalInProcess	undefined variable: LocalInProcess
test.claim.realization_reconcile_witness.witness_post_always_never_collapses	REFERENCE-UNAVAILABLE	R6-variant-or-type-name	LocalInProcess	undefined variable: LocalInProcess
test.claim.samsung_dram_module.four_rank_by_four_is_realizable_on_ddr4	REFERENCE-UNAVAILABLE	R1-data-in-unimported-module	ddr4_generation_catalog	no such function: ddr4_generation_catalog
test.claim.samsung_dram_module.same_capacity_at_one_rank_by_eight_is_not_realizable	REFERENCE-UNAVAILABLE	R1-data-in-unimported-module	ddr4_generation_catalog	no such function: ddr4_generation_catalog
test.claim.samsung_dram_module.generation_mismatch_fails_closed	REFERENCE-UNAVAILABLE	R1-data-in-unimported-module	ddr5_generation_catalog	no such function: ddr5_generation_catalog
test.claim.srv3_subsumption.srv3_reconcile_adds_exactly_the_missing_fleet_key	HOST-PRIMITIVE-CONTRACT	T1-arity	atom_identity_hash	type error: atom_identity_hash requires exactly one string argument
test.claim.srv3_subsumption.srv3_reconcile_refuses_both_unowned_keys_never_teardown	HOST-PRIMITIVE-CONTRACT	T1-arity	atom_identity_hash	type error: atom_identity_hash requires exactly one string argument
test.claim.srv3_subsumption.srv4_reconcile_is_converged_empty_plan	HOST-PRIMITIVE-CONTRACT	T1-arity	atom_identity_hash	type error: atom_identity_hash requires exactly one string argument
test.claim.srv3_subsumption.srv3_and_srv4_disagree_on_convergence	HOST-PRIMITIVE-CONTRACT	T1-arity	atom_identity_hash	type error: atom_identity_hash requires exactly one string argument
test.claim.srv3_subsumption.reconcile_would_teardown_only_if_ownership_claimed_it	HOST-PRIMITIVE-CONTRACT	T1-arity	atom_identity_hash	type error: atom_identity_hash requires exactly one string argument
test.claim.srv3_subsumption.comment_only_drift_is_one_change_not_remove_add	HOST-PRIMITIVE-CONTRACT	T1-arity	atom_identity_hash	type error: atom_identity_hash requires exactly one string argument
v2.test.lens_mutation_adequacy.mutation_adequacy_test.adequate_when_every_mutation_has_a_discriminating_witness	REFERENCE-UNAVAILABLE	R2-fn-in-unimported-module	unit_is_discriminating	no such function: unit_is_discriminating
v2.test.lens_mutation_adequacy.mutation_adequacy_test.surviving_mutation_is_inadequate	REFERENCE-UNAVAILABLE	R2-fn-in-unimported-module	unit_is_discriminating	no such function: unit_is_discriminating
v2.test.lens_vacuity.vacuity_test.vacuity_rung5_emit_vs_eval_classifies_proven_independent	REFERENCE-UNAVAILABLE	R1-data-in-unimported-module	nat_add_left_identity_input	no such function: nat_add_left_identity_input
v2.test.lens_vacuity.vacuity_test.vacuity_unified_node_corpus_matches_transport_classifier	REFERENCE-UNAVAILABLE	R1-data-in-unimported-module	nat_add_left_identity_input	no such function: nat_add_left_identity_input
v2.test.lens_vacuity.vacuity_test.vacuity_falsification_cases_each_match_expected_evidence	REFERENCE-UNAVAILABLE	R1-data-in-unimported-module	nat_add_left_identity_input	no such function: nat_add_left_identity_input
v2.test.lens_vacuity.vacuity_test.vacuity_advisory_census_partitions_falsification_suite	REFERENCE-UNAVAILABLE	R1-data-in-unimported-module	nat_add_left_identity_input	no such function: nat_add_left_identity_input
v2.test.lens_vacuity.vacuity_test.vacuity_falsification_suite_nonempty	REFERENCE-UNAVAILABLE	R1-data-in-unimported-module	nat_add_left_identity_input	no such function: nat_add_left_identity_input
v2.test.claim.compiler_materialization_witness.parse_table_carrier_inhabits_realization	REFERENCE-UNAVAILABLE	R6-variant-or-type-name	LocalInProcess	undefined variable: LocalInProcess
v2.test.claim.compiler_materialization_witness.compile_stage_carrier_inhabits_realization	REFERENCE-UNAVAILABLE	R6-variant-or-type-name	LocalInProcess	undefined variable: LocalInProcess
v2.test.emit.produced_decl_support_preserved.produced_decl_support_survives_augmentation	CALL-CONTRACT-MISMATCH	C1		call contract mismatch calling 'render': missing required argument 'proto' (1 of 2 required argument(s) supplied)
v2.test.extdeps.spice_rc_passive_deck_claims.spice_rc_passive_deck_authority_holds	REFERENCE-UNAVAILABLE	R1-data-in-unimported-module	spice_rc_passive_deck	no such function: spice_rc_passive_deck
v2.test.extdeps_shape_transport_policy.corpus.cargo_build_policy_leak.corpus_cargo_build_defused_holds	REFERENCE-UNAVAILABLE	R1-data-in-unimported-module	extdeps_cargo_build_module	no such function: extdeps_cargo_build_module
v2.test.extdeps_shape_transport_policy.corpus.cargo_clippy_dead_param.corpus_cargo_clippy_dead_param_defused_holds	REFERENCE-UNAVAILABLE	R1-data-in-unimported-module	extdeps_cargo_build_module	no such function: extdeps_cargo_build_module
v2.test.extdeps_shape_transport_policy.corpus.cargo_doc_dead_param.corpus_cargo_doc_dead_param_defused_holds	REFERENCE-UNAVAILABLE	R1-data-in-unimported-module	extdeps_cargo_build_module	no such function: extdeps_cargo_build_module
v2.test.extdeps_shape_transport_policy.corpus.cargo_doc_policy_leak.corpus_cargo_doc_defused_holds	REFERENCE-UNAVAILABLE	R1-data-in-unimported-module	extdeps_cargo_build_module	no such function: extdeps_cargo_build_module
v2.test.extdeps_shape_transport_policy.corpus.cargo_fmt_dead_param.corpus_cargo_fmt_dead_param_defused_holds	REFERENCE-UNAVAILABLE	R1-data-in-unimported-module	extdeps_cargo_build_module	no such function: extdeps_cargo_build_module
v2.test.extdeps_shape_transport_policy.corpus.cargo_fmt_policy_leak.corpus_cargo_fmt_defused_holds	REFERENCE-UNAVAILABLE	R1-data-in-unimported-module	extdeps_cargo_build_module	no such function: extdeps_cargo_build_module
v2.test.extdeps_shape_transport_policy.corpus.cargo_run_dead_param.corpus_cargo_run_dead_param_defused_holds	REFERENCE-UNAVAILABLE	R1-data-in-unimported-module	extdeps_cargo_build_module	no such function: extdeps_cargo_build_module
v2.test.extdeps_shape_transport_policy.corpus.gcp_login_dead_param.corpus_gcp_login_dead_param_defused_holds	REFERENCE-UNAVAILABLE	R1-data-in-unimported-module	extdeps_gcp_module	no such function: extdeps_gcp_module
v2.test.extdeps_shape_transport_policy.corpus.gcp_oauth_fusion_fork.corpus_gcp_oauth_defused_holds	REFERENCE-UNAVAILABLE	R1-data-in-unimported-module	extdeps_gcp_module	no such function: extdeps_gcp_module
v2.test.extdeps_shape_transport_policy.corpus.gist_create_policy_leak.corpus_gist_create_defused_holds	REFERENCE-UNAVAILABLE	R1-data-in-unimported-module	extdeps_github_gists_module	no such function: extdeps_github_gists_module
v2.test.extdeps_shape_transport_policy.corpus.git_policy_leak.corpus_git_policy_leak_defused_holds	REFERENCE-UNAVAILABLE	R1-data-in-unimported-module	extdeps_git_module	no such function: extdeps_git_module
v2.test.extdeps_shape_transport_policy.corpus.runtime_local_embedded_policy.corpus_runtime_local_embedded_policy_defused_holds	REFERENCE-UNAVAILABLE	R1-data-in-unimported-module	extdeps_runtime_local_module	no such function: extdeps_runtime_local_module
v2.test.extdeps_shape_transport_policy.coverage_domain_equivalence_test.extdeps_shape_transport_policy_coverage_domain_equivalence_holds	REFERENCE-UNAVAILABLE	R1-data-in-unimported-module	witness_policy_leak_cargo_build_lens_unit_module	no such function: witness_policy_leak_cargo_build_lens_unit_module
v2.test.extdeps_shape_transport_policy.lens_unit.clean_gist_create.clean_gist_create_is_green_holds	REFERENCE-UNAVAILABLE	R1-data-in-unimported-module	extdeps_github_gists_module	no such function: extdeps_github_gists_module
v2.test.extdeps_shape_transport_policy.lens_unit.clean_git_diff.clean_git_diff_is_green_holds	REFERENCE-UNAVAILABLE	R1-data-in-unimported-module	extdeps_git_module	no such function: extdeps_git_module
v2.test.extdeps_shape_transport_policy.lens_unit.dead_param_cargo_build.dead_param_cargo_build_is_red_holds	REFERENCE-UNAVAILABLE	R1-data-in-unimported-module	extdeps_cargo_build_module	no such function: extdeps_cargo_build_module
v2.test.extdeps_shape_transport_policy.lens_unit.dead_param_cargo_clippy.dead_param_cargo_clippy_is_red_holds	REFERENCE-UNAVAILABLE	R1-data-in-unimported-module	extdeps_cargo_build_module	no such function: extdeps_cargo_build_module
v2.test.extdeps_shape_transport_policy.lens_unit.dead_param_gcp_login.dead_param_gcp_login_is_red_holds	REFERENCE-UNAVAILABLE	R1-data-in-unimported-module	extdeps_gcp_module	no such function: extdeps_gcp_module
v2.test.extdeps_shape_transport_policy.lens_unit.embedded_policy_literal_local.embedded_policy_literal_local_is_red_holds	REFERENCE-UNAVAILABLE	R1-data-in-unimported-module	extdeps_runtime_local_module	no such function: extdeps_runtime_local_module
v2.test.extdeps_shape_transport_policy.lens_unit.module_path_rename.module_path_rename_resolves_by_qn_not_filepath_holds	REFERENCE-UNAVAILABLE	R1-data-in-unimported-module	extdeps_cargo_build_module	no such function: extdeps_cargo_build_module
v2.test.extdeps_shape_transport_policy.lens_unit.module_path_rename.module_path_rename_unknown_qn_does_not_resolve_holds	REFERENCE-UNAVAILABLE	R1-data-in-unimported-module	bogus_extdeps_module	no such function: bogus_extdeps_module
v2.test.extdeps_shape_transport_policy.lens_unit.module_source_nickname_literal_green.module_source_nickname_literal_exempt_literals_is_green_holds	REFERENCE-UNAVAILABLE	R1-data-in-unimported-module	module_source_nickname_literal_green_module	no such function: module_source_nickname_literal_green_module
v2.test.extdeps_shape_transport_policy.lens_unit.module_source_nickname_literal_coverage_domain_green.module_source_nickname_literal_coverage_domain_is_green_holds	REFERENCE-UNAVAILABLE	R1-data-in-unimported-module	coverage_domain_equivalence_module	no such function: coverage_domain_equivalence_module
v2.test.extdeps_shape_transport_policy.lens_unit.module_source_nickname_literal_local_red.module_source_nickname_literal_local_red_is_red_holds	REFERENCE-UNAVAILABLE	R1-data-in-unimported-module	module_source_nickname_literal_local_red_module	no such function: module_source_nickname_literal_local_red_module
v2.test.extdeps_shape_transport_policy.lens_unit.policy_leak_cargo_build.policy_leak_cargo_build_is_red_holds	REFERENCE-UNAVAILABLE	R1-data-in-unimported-module	extdeps_cargo_build_module	no such function: extdeps_cargo_build_module
v2.test.extdeps_shape_transport_policy.lens_unit.policy_leak_cargo_doc.policy_leak_cargo_doc_is_red_holds	REFERENCE-UNAVAILABLE	R1-data-in-unimported-module	extdeps_cargo_build_module	no such function: extdeps_cargo_build_module
v2.test.extdeps_shape_transport_policy.lens_unit.policy_leak_cargo_fmt.policy_leak_cargo_fmt_is_red_holds	REFERENCE-UNAVAILABLE	R1-data-in-unimported-module	extdeps_cargo_build_module	no such function: extdeps_cargo_build_module
v2.test.extdeps_shape_transport_policy.lens_unit.transport_fusion_gcp_oauth.transport_fusion_gcp_oauth_is_red_holds	REFERENCE-UNAVAILABLE	R1-data-in-unimported-module	extdeps_gcp_module	no such function: extdeps_gcp_module
v2.test.fact_cardinality.lens_unit.synthetic_fork_red.synthetic_fork_red_holds	REFERENCE-UNAVAILABLE	R5-type-only	Dag	no such function: Dag
v2.test.claim.generated_conformance_floor.generated_coproduct_exhaustiveness_is_diagnostic	REFERENCE-UNAVAILABLE	R1-data-in-unimported-module	witness_coproduct_exhaustiveness_diagnostic_claim	no such function: witness_coproduct_exhaustiveness_diagnostic_claim
v2.test.claim.generated_conformance_floor.generated_coproduct_exhaustiveness_anchor_holds	REFERENCE-UNAVAILABLE	R1-data-in-unimported-module	witness_coproduct_exhaustiveness_uses_generated_anchor	no such function: witness_coproduct_exhaustiveness_uses_generated_anchor
v2.test.claim.generated_conformance_floor.generated_coproduct_exhaustiveness_roster_covers_testclaim	REFERENCE-UNAVAILABLE	R1-data-in-unimported-module	witness_coproduct_exhaustiveness_all_variants_emit	no such function: witness_coproduct_exhaustiveness_all_variants_emit
v2.test.claim.generated_conformance_floor.generated_coproduct_exhaustiveness_covers_every_coproduct	REFERENCE-UNAVAILABLE	R1-data-in-unimported-module	witness_coproduct_exhaustiveness_generator_count	no such function: witness_coproduct_exhaustiveness_generator_count
v2.test.claim.generated_conformance_floor.generated_cross_representation_equality_is_equals	REFERENCE-UNAVAILABLE	R1-data-in-unimported-module	witness_cross_representation_equality_is_equals	no such function: witness_cross_representation_equality_is_equals
v2.test.claim.generated_conformance_floor.generated_cross_representation_equality_anchor_holds	REFERENCE-UNAVAILABLE	R1-data-in-unimported-module	witness_cross_representation_equality_uses_generated_anchor	no such function: witness_cross_representation_equality_uses_generated_anchor
v2.test.claim.generated_conformance_floor.generated_cross_representation_equality_covers_bool	REFERENCE-UNAVAILABLE	R1-data-in-unimported-module	witness_cross_representation_equality_covers_bool	no such function: witness_cross_representation_equality_covers_bool
v2.test.claim.generated_conformance_floor.generated_cross_representation_equality_covers_optional_null	REFERENCE-UNAVAILABLE	R1-data-in-unimported-module	witness_cross_representation_equality_covers_optional_null	no such function: witness_cross_representation_equality_covers_optional_null
v2.test.claim.generated_conformance_floor.generated_refinement_preserves_nonempty_list_base	REFERENCE-UNAVAILABLE	R1-data-in-unimported-module	witness_refinement_preserves_nonempty_list_base	no such function: witness_refinement_preserves_nonempty_list_base
v2.test.claim.generated_conformance_floor.generated_refinement_subject_anchor_holds	REFERENCE-UNAVAILABLE	R1-data-in-unimported-module	witness_refinement_preservation_subject_anchor	no such function: witness_refinement_preservation_subject_anchor
v2.test.claim.generated_conformance_floor.generated_refinement_scheduler_emits_one_generator	REFERENCE-UNAVAILABLE	R1-data-in-unimported-module	witness_refinement_preservation_scheduler_emits_one_generator	no such function: witness_refinement_preservation_scheduler_emits_one_generator
v2.test.claim.generated_conformance_floor.generated_refinement_claim_emits	REFERENCE-UNAVAILABLE	R1-data-in-unimported-module	claim_refinement_nonempty_list_base_preserved	no such function: claim_refinement_nonempty_list_base_preserved
v2.test.claim.generated_conformance_floor.generated_lbe_conj_snapshot_passes	REFERENCE-UNAVAILABLE	R3-test-decl-in-test-module	witness_lbe_conj_snapshot_pass	no such function: witness_lbe_conj_snapshot_pass
v2.test.claim.generated_conformance_floor.generated_lbe_disj_snapshot_passes	REFERENCE-UNAVAILABLE	R3-test-decl-in-test-module	witness_lbe_disj_snapshot_pass	no such function: witness_lbe_disj_snapshot_pass
v2.test.claim.generated_conformance_floor.generated_lbe_transform_snapshot_passes	REFERENCE-UNAVAILABLE	R3-test-decl-in-test-module	witness_lbe_transform_snapshot_pass	no such function: witness_lbe_transform_snapshot_pass
v2.test.claim.generated_conformance_floor.generated_lbe_schedules_three_generators	REFERENCE-UNAVAILABLE	R3-test-decl-in-test-module	witness_testgen_schedules_three_lbe_generators	no such function: witness_testgen_schedules_three_lbe_generators
v2.test.claim.generated_conformance_floor.generated_lbe_dag_surface_language_identity	REFERENCE-UNAVAILABLE	R3-test-decl-in-test-module	witness_dag_surface_language_identity	no such function: witness_dag_surface_language_identity
v2.test.claim.generated_conformance_floor.generated_witness_validity_constraint_satisfaction_emits	REFERENCE-UNAVAILABLE	R1-data-in-unimported-module	row_witness_validity_constraint_satisfaction_holds	no such function: row_witness_validity_constraint_satisfaction_holds
v2.test.claim.generated_conformance_floor.generated_witness_validity_property_symbol_mismatch_emits	REFERENCE-UNAVAILABLE	R1-data-in-unimported-module	row_witness_validity_property_symbol_mismatch	no such function: row_witness_validity_property_symbol_mismatch
v2.test.claim.generated_conformance_floor.generated_witness_validity_evidence_node_mismatch_emits	REFERENCE-UNAVAILABLE	R1-data-in-unimported-module	row_witness_validity_evidence_node_mismatch	no such function: row_witness_validity_evidence_node_mismatch
v2.test.claim.generated_conformance_floor.generated_witness_validity_rule_not_realized_emits	REFERENCE-UNAVAILABLE	R1-data-in-unimported-module	row_witness_validity_rule_not_realized	no such function: row_witness_validity_rule_not_realized
v2.test.claim.gha_workflow_yaml_fold_structural.gha_fold_structural_tier_holds	REFERENCE-UNAVAILABLE	R1-data-in-unimported-module	gha_fold_pilot_job	no such function: gha_fold_pilot_job
v2.test.intent_linearity.lens_unit.runtime_axis.nested_loop_cost_is_lowerable	REFERENCE-UNAVAILABLE	R2-fn-in-unimported-module	symbolic_cost_of_node	no such function: symbolic_cost_of_node
v2.test.intent_linearity.lens_unit.runtime_axis.flat_loop_cost_not_lowerable	REFERENCE-UNAVAILABLE	R2-fn-in-unimported-module	symbolic_cost_of_node	no such function: symbolic_cost_of_node
v2.test.intent_linearity.lens_unit.runtime_axis.nested_loop_is_runtime_candidate	REFERENCE-UNAVAILABLE	R2-fn-in-unimported-module	chain_is_simulated	no such function: chain_is_simulated
v2.test.intent_linearity.lens_unit.runtime_axis.flat_loop_not_runtime_candidate	REFERENCE-UNAVAILABLE	R2-fn-in-unimported-module	chain_is_simulated	no such function: chain_is_simulated
v2.test.intent_linearity.lens_unit.runtime_axis.nested_loop_not_changetime_redundant	REFERENCE-UNAVAILABLE	R2-fn-in-unimported-module	chain_is_simulated	no such function: chain_is_simulated
v2.test.intent_linearity.lens_unit.runtime_axis.flat_loop_is_linear	REFERENCE-UNAVAILABLE	R2-fn-in-unimported-module	chain_is_simulated	no such function: chain_is_simulated
v2.test.manual.bootstrap_footprint_anchor.bootstrap_footprint_canonical_holds	HOST-PRIMITIVE-CONTRACT	T1-arity	atom_identity_hash	type error: atom_identity_hash requires exactly one string argument
v2.test.manual.bootstrap_footprint_anchor.bootstrap_footprint_non_canonical_violates	HOST-PRIMITIVE-CONTRACT	T1-arity	atom_identity_hash	type error: atom_identity_hash requires exactly one string argument
v2.test.manual.bootstrap_footprint_anchor.bootstrap_footprint_bad_content_hash_violates	HOST-PRIMITIVE-CONTRACT	T1-arity	atom_identity_hash	type error: atom_identity_hash requires exactly one string argument
v2.test.manual.bootstrap_footprint_anchor.bootstrap_footprint_bad_runtime_same_identity_violates	HOST-PRIMITIVE-CONTRACT	T1-arity	atom_identity_hash	type error: atom_identity_hash requires exactly one string argument
v2.test.manual.medium_node_instantiation.medium_node_carried_is_expected	REFERENCE-UNAVAILABLE	R1-data-in-unimported-module	v2_eval_bool_literal_pin	no such function: v2_eval_bool_literal_pin
v2.test.manual.medium_node_instantiation.medium_node_fidelity_is_lossless	REFERENCE-UNAVAILABLE	R1-data-in-unimported-module	v2_eval_bool_literal_pin	no such function: v2_eval_bool_literal_pin
v2.test.manual.medium_node_instantiation.medium_node_lossy_tag_not_lossless	REFERENCE-UNAVAILABLE	R1-data-in-unimported-module	v2_eval_bool_literal_pin	no such function: v2_eval_bool_literal_pin
v2.test.manual.medium_source_text_instantiation.witness_source_field_is_medium	REFERENCE-UNAVAILABLE	R6-variant-or-type-name	SourceFile	undefined variable: SourceFile
v2.test.manual.value_null_split_witness.optional_null_straddle_rostered_until_phase_e	REFERENCE-UNAVAILABLE	R1-data-in-unimported-module	cross_repr_native_value_null	no such function: cross_repr_native_value_null
v2.test.claim.source_root_tagging.source_root_tag_carried_and_folded_to_grounded_set	REFERENCE-UNAVAILABLE	R6-variant-or-type-name	SourceFile	undefined variable: SourceFile
v2.test.claim.staging.cached_stage_hit_skips_stage	FIELD-ON-WRONG-TYPE	T2		type error: cannot access field 'raw' on Int
v2.test.claim.staging.cached_stage_miss_runs_stage	FIELD-ON-WRONG-TYPE	T2		type error: cannot access field 'raw' on Int
v2.test.fixture.walk_plan_stage.recursion_refusal_member.walk_plan_stage_recursion_refusal_member_holds	UNBOUNDED-RECURSION	T3		type error: call depth exceeded 100000 at fn 'walk_plan_stage_recursion_refusal_member_holds' — unbounded recursion (a bare-name resolution cycle, or a genuinely divergent chain); refused, never a host stack overflow
v2.test.lens_mock_totality.cron_mock_totality.cron_mock_consumer_is_total_holds	REFERENCE-UNAVAILABLE	R1-data-in-unimported-module	cron_published_mock_corpus	no such function: cron_published_mock_corpus
v2.test.lens_mock_totality.cron_mock_totality.cron_mock_omitted_member_is_red_holds	REFERENCE-UNAVAILABLE	R1-data-in-unimported-module	cron_published_mock_corpus	no such function: cron_published_mock_corpus
v2.test.lens_mock_totality.diagnostic_mock_totality.diagnostic_mock_consumer_is_total_holds	REFERENCE-UNAVAILABLE	R1-data-in-unimported-module	diagnostic_published_mock_corpus	no such function: diagnostic_published_mock_corpus
v2.test.lens_mock_totality.diagnostic_mock_totality.diagnostic_mock_omitted_member_is_red_holds	REFERENCE-UNAVAILABLE	R1-data-in-unimported-module	diagnostic_published_mock_corpus	no such function: diagnostic_published_mock_corpus
v2.test.lens_mock_totality.filesystem_mock_totality.filesystem_mock_consumer_is_total_holds	REFERENCE-UNAVAILABLE	R1-data-in-unimported-module	filesystem_published_mock_corpus	no such function: filesystem_published_mock_corpus
v2.test.lens_mock_totality.filesystem_mock_totality.filesystem_mock_omitted_member_is_red_holds	REFERENCE-UNAVAILABLE	R1-data-in-unimported-module	filesystem_published_mock_corpus	no such function: filesystem_published_mock_corpus
v2.test.lens_mock_totality.gcp_mock_totality.gcp_mock_consumer_is_total_holds	REFERENCE-UNAVAILABLE	R1-data-in-unimported-module	gcp_published_mock_corpus	no such function: gcp_published_mock_corpus
v2.test.lens_mock_totality.gcp_mock_totality.gcp_mock_omitted_member_is_red_holds	REFERENCE-UNAVAILABLE	R1-data-in-unimported-module	gcp_published_mock_corpus	no such function: gcp_published_mock_corpus
v2.test.lens_mock_totality.git_mock_totality.git_mock_consumer_is_total_holds	REFERENCE-UNAVAILABLE	R1-data-in-unimported-module	git_published_mock_corpus	no such function: git_published_mock_corpus
v2.test.lens_mock_totality.git_mock_totality.git_mock_omitted_member_is_red_holds	REFERENCE-UNAVAILABLE	R1-data-in-unimported-module	git_published_mock_corpus	no such function: git_published_mock_corpus
v2.test.lens_mock_totality.git_mock_totality.git_mock_omitted_show_tree_is_red_holds	REFERENCE-UNAVAILABLE	R1-data-in-unimported-module	git_published_mock_corpus	no such function: git_published_mock_corpus
v2.test.lens_mock_totality.github_mock_totality.github_mock_consumer_is_total_holds	REFERENCE-UNAVAILABLE	R1-data-in-unimported-module	github_published_mock_corpus	no such function: github_published_mock_corpus
v2.test.lens_mock_totality.github_mock_totality.github_mock_omitted_member_is_red_holds	REFERENCE-UNAVAILABLE	R1-data-in-unimported-module	github_published_mock_corpus	no such function: github_published_mock_corpus
v2.test.lens_mock_totality.http_pilot_mock_totality.http_pilot_mock_consumer_is_total_holds	REFERENCE-UNAVAILABLE	R1-data-in-unimported-module	http_pilot_published_mock_corpus	no such function: http_pilot_published_mock_corpus
v2.test.lens_mock_totality.http_pilot_mock_totality.http_pilot_mock_omitted_member_is_red_holds	REFERENCE-UNAVAILABLE	R1-data-in-unimported-module	http_pilot_published_mock_corpus	no such function: http_pilot_published_mock_corpus
v2.test.lens_mock_totality.llm_mock_totality.llm_mock_consumer_is_total_holds	REFERENCE-UNAVAILABLE	R1-data-in-unimported-module	llm_published_mock_corpus	no such function: llm_published_mock_corpus
v2.test.lens_mock_totality.llm_mock_totality.llm_mock_omitted_member_is_red_holds	REFERENCE-UNAVAILABLE	R1-data-in-unimported-module	llm_published_mock_corpus	no such function: llm_published_mock_corpus
v2.test.lens_mock_totality.sec_edgar_mock_totality.sec_edgar_mock_consumer_is_total_holds	REFERENCE-UNAVAILABLE	R1-data-in-unimported-module	sec_edgar_published_mock_corpus	no such function: sec_edgar_published_mock_corpus
v2.test.lens_mock_totality.sec_edgar_mock_totality.sec_edgar_mock_omitted_member_is_red_holds	REFERENCE-UNAVAILABLE	R1-data-in-unimported-module	sec_edgar_published_mock_corpus	no such function: sec_edgar_published_mock_corpus
v2.test.lens_mock_totality.shell_mock_totality.shell_mock_consumer_is_total_holds	REFERENCE-UNAVAILABLE	R1-data-in-unimported-module	shell_published_mock_corpus	no such function: shell_published_mock_corpus
v2.test.lens_mock_totality.shell_mock_totality.shell_mock_omitted_member_is_red_holds	REFERENCE-UNAVAILABLE	R1-data-in-unimported-module	shell_published_mock_corpus	no such function: shell_published_mock_corpus
