rank	lever	mechanism	expected_min_recovered	risk	owning_thread	evidence
1	Per-entry bare-reference fixpoint once-per-entry (#6848 residual)	each discovery entry-group pays ~140ms namespace walk even with warm process_shared_index; 663 groups × ~140ms ≈ 5–8min discovery alone	8–12	low (perf-only; semantics frozen)	namespace-resolution §PR-5b	floor-time-namespace-walk-regression; resolve_serial 99s→644s PRE→seed
2	source_root_ingest_gate tree re-walk	single-node batch 6/5 costs 10–12min via discover_source_root_ingest bin independent of compile-clean receipt	10–12	medium (must preserve ingest semantics)	module-identity vs storage	LANDED #7122 run 29995111208: 12.15 -> 5.24min (run_gunbc_claims pooled one child per call, 12 -> 4 children; residue = per-call pool builds, dissolve-on W3 store); baseline 29976989996 batch-6 12.1min
3	cheap_gates batch before compile consume (pre-7088 schedule) or gate scan duplication	10min parallel resolve-group scans layering/extdeps/drift after whole-tree compile already ran	5–10	low if derived from compile receipt	ci fail-fast #7088 (sleek-crane owns ordering)	LANDED #7122 run 29995111208: 10.15 -> 4.65min + compile-gate consume 27s -> 8ms (batch_unit_lane clause (c) memo-lane colocation; resolves_total 4 -> 3, gate green at declared 3); baseline 29976989996 batch-1 10.1min AFTER 3.6min compile
4	Unkeyed materialization / missing ComputationIdentity	2.19M unkeyed calls per run; 47% of demand unkeyed — duplicate pure work invisible to memo	unknown until keyed	medium	duplicate-work graph lens	29976989996 unkeyed=2193388 duplicated=71948
5	Width=1 latch from 16GiB slot + 3.4GB worker share	governor never admits width>1; cross_worker_store withheld; discovery serial; PR7110 run 29986954853 rode 270m action ceiling on ONE-FILE plan-only diff — no recovery arm	0–4 (only if index shrinks); tail unbounded without fail-fast	medium	5886 projection / M2 memo	seed governor receipt; 29986954853 extreme tail; NOT proposing cap raise per mandate
9	Action-ceiling silent ride (270m timeout)	ci.yml timeout-minutes:270 kills without typed floor refusal; worst case on record for trivial diff	unknown (scheduling policy)	low	ci workflow / floor disposition	29986954853 PR7110 plan-only; DESIGN §5 corpus-denominated-later shape
6	rc_map_insert quadratic (per-entry map growth)	superlinear in module count during pool_qualified_fill / reconcile	budget TBD until profiled	low	bold-crane-271	quadratic hunt — local ptrace on 12min gates pending
7	UnlistedImportUse advisory generation (~5k rows/run)	typecheck constructs advisories during every resolve	1–3 TBD	low	namespace advisory suppression	floor-time-namespace-walk §1.5
8	Whole-tree compile-clean on deep-diff (scope widen)	deep-diff triggers 3.6min emit not present on scoped PRs	3–4	on scoped PRs only	tools.dag_compile_clean_scope	LANDED #7122: CompileCleanPartitionBoundary.entry_roots = witness_layer_roots (roster ≡ compiled tree; closes the src/v2-only widen AND the dag-touch src/v2 under-selection); scoped-admissible proof floor_fast_plan_scopes_src_v2_entries_both_directions; run 29995111208 itself .rs-touch -> whole-tree by arm 3, correct; baseline 29976989996 whole-tree vs 29970583893 skipped
