# Gate 2 per-module histogram (swift-bee-614 Phase 1) — slim, no all_sites column
# main_head=73eea76dd7c9  CSSL_STD_SEED_LINK=1
module	emit_ok	cargo_verdict	total_errors	unique_ecodes	ecode_histogram
src/v2/compiler/00_compile.dag	1	refuse	7786	21	E0308:6684;E0277:349;E0425:235;E0599:165;E0369:126;E0282:37;E0107:29;E0433:27;E0063:23;E0422:23;E0614:19;E0597:16;E0631:16;E0061:13;E0109:10;E0609:5;E0310:3;E0271:2;E0392:2;E0560:1;E0573:1
src/v2/compiler/01_tokenize.dag	1	refuse	852	10	E0308:700;E0599:91;E0277:44;E0369:6;E0282:3;E0609:3;E0597:2;E0061:1;E0107:1;E0432:1
src/v2/compiler/02_parse.dag	1	refuse	5091	20	E0308:4392;E0277:265;E0599:107;E0369:103;E0425:94;E0422:22;E0107:20;E0063:17;E0631:16;E0282:13;E0109:10;E0614:8;E0061:7;E0433:7;E0609:4;E0392:2;E0310:1;E0560:1;E0573:1;E0597:1
src/v2/compiler/03_body_producer.dag	1	refuse	413	7	E0308:294;E0599:80;E0277:33;E0369:3;E0107:1;E0432:1;E0614:1
src/v2/compiler/03_ingest.dag	1	refuse	7822	21	E0308:6711;E0277:351;E0425:241;E0599:165;E0369:126;E0282:37;E0107:29;E0433:27;E0063:23;E0422:23;E0614:20;E0597:16;E0631:16;E0061:13;E0109:10;E0609:5;E0310:3;E0271:2;E0392:2;E0560:1;E0573:1
src/v2/compiler/03_name_resolve.dag	1	refuse	4631	17	E0308:4115;E0277:178;E0425:99;E0599:90;E0369:42;E0063:17;E0282:15;E0631:14;E0422:13;E0433:11;E0109:10;E0614:10;E0107:7;E0061:3;E0609:3;E0392:2;E0597:2
src/v2/compiler/03_normalize.dag	1	refuse	5533	17	E0308:4935;E0277:175;E0425:166;E0599:122;E0369:41;E0063:17;E0631:14;E0422:12;E0433:11;E0109:10;E0282:9;E0614:7;E0107:6;E0609:3;E0061:2;E0392:2;E0597:1
src/v2/compiler/03_resolve.dag	1	refuse	4546	17	E0308:4049;E0277:178;E0425:95;E0599:90;E0369:42;E0063:17;E0631:14;E0422:13;E0109:10;E0282:8;E0614:8;E0433:7;E0107:6;E0609:3;E0061:2;E0392:2;E0597:2
src/v2/compiler/04_infer.dag	1	refuse	4680	17	E0308:4162;E0277:180;E0425:106;E0599:90;E0369:42;E0063:18;E0631:14;E0422:13;E0109:10;E0433:10;E0282:8;E0614:8;E0107:6;E0597:5;E0609:4;E0061:2;E0392:2
src/v2/compiler/05_emit.dag	1	refuse	4868	17	E0308:4318;E0277:186;E0425:115;E0599:100;E0369:42;E0063:18;E0631:14;E0422:13;E0433:13;E0109:10;E0597:9;E0282:8;E0614:8;E0107:6;E0609:4;E0061:2;E0392:2
src/v2/compiler/05_emit_orchestration.dag	1	refuse	5908	17	E0308:5126;E0277:336;E0425:189;E0599:100;E0369:47;E0063:20;E0631:15;E0422:13;E0433:13;E0109:10;E0597:9;E0282:8;E0614:8;E0107:6;E0609:4;E0061:2;E0392:2
src/v2/compiler/05_eval.dag	1	refuse	5049	19	E0308:4471;E0277:203;E0425:108;E0599:93;E0369:60;E0063:21;E0631:14;E0422:13;E0109:10;E0433:10;E0107:9;E0614:9;E0282:8;E0597:8;E0609:4;E0061:2;E0271:2;E0310:2;E0392:2
src/v2/compiler/06_translate.dag	1	refuse	4868	17	E0308:4318;E0277:186;E0425:115;E0599:100;E0369:42;E0063:18;E0631:14;E0422:13;E0433:13;E0109:10;E0597:9;E0282:8;E0614:8;E0107:6;E0609:4;E0061:2;E0392:2
src/v2/compiler/07_target_carriers.dag	1	refuse	2670	16	E0308:2264;E0277:148;E0599:87;E0425:61;E0369:40;E0063:17;E0631:14;E0109:11;E0282:8;E0433:7;E0609:3;E0614:3;E0061:2;E0107:2;E0392:2;E0422:1
src/v2/compiler/discovery_enumeration.dag	1	refuse	330	6	E0308:275;E0599:29;E0277:23;E0369:1;E0432:1;E0614:1
src/v2/compiler/emit_host.dag	1	refuse	5557	19	E0308:4826;E0277:255;E0425:120;E0599:112;E0369:107;E0107:24;E0063:21;E0631:15;E0422:13;E0433:13;E0597:12;E0109:10;E0614:9;E0282:8;E0609:4;E0061:2;E0271:2;E0310:2;E0392:2
src/v2/compiler/emit_module.dag	1	refuse	4872	17	E0308:4322;E0277:186;E0425:115;E0599:100;E0369:42;E0063:18;E0631:14;E0422:13;E0433:13;E0109:10;E0597:9;E0282:8;E0614:8;E0107:6;E0609:4;E0061:2;E0392:2
src/v2/compiler/emit_produced.dag	1	refuse	6131	18	E0308:5488;E0277:236;E0425:133;E0599:116;E0369:43;E0063:18;E0422:15;E0631:14;E0433:13;E0109:10;E0614:10;E0597:9;E0107:8;E0282:8;E0609:4;E0061:2;E0310:2;E0392:2
src/v2/compiler/emit_semantic_decl.dag	1	refuse	5009	17	E0308:4445;E0277:194;E0425:121;E0599:100;E0369:42;E0063:18;E0631:14;E0422:13;E0433:13;E0109:10;E0597:9;E0282:8;E0614:8;E0107:6;E0609:4;E0061:2;E0392:2
src/v2/compiler/fold_lowering.dag	1	refuse	4517	17	E0308:4058;E0277:169;E0599:86;E0425:78;E0369:41;E0063:17;E0631:14;E0422:12;E0109:10;E0282:8;E0433:7;E0107:6;E0609:3;E0614:3;E0061:2;E0392:2;E0597:1
src/v2/compiler/materialization_carriers.dag	1	refuse	722	10	E0308:445;E0277:97;E0599:93;E0369:58;E0107:15;E0422:8;E0061:2;E0631:2;E0282:1;E0614:1
src/v2/compiler/parse_engine_hooks.dag	1	refuse	331	6	E0308:276;E0599:29;E0277:23;E0369:1;E0432:1;E0614:1
src/v2/compiler/program_assembly.dag	1	refuse	6765	20	E0308:5804;E0277:294;E0425:219;E0599:161;E0369:106;E0282:27;E0107:26;E0422:23;E0063:18;E0433:17;E0631:16;E0614:15;E0597:11;E0109:10;E0061:8;E0609:5;E0392:2;E0310:1;E0560:1;E0573:1
src/v2/compiler/program_partition.dag	1	refuse	4956	17	E0308:4373;E0277:194;E0425:117;E0599:111;E0369:43;E0063:18;E0282:14;E0631:14;E0422:13;E0433:13;E0109:10;E0597:9;E0614:9;E0107:6;E0392:6;E0609:4;E0061:2
src/v2/compiler/self_host.dag	1	refuse	1203	14	E0308:971;E0599:83;E0277:62;E0369:30;E0631:14;E0109:11;E0425:10;E0433:7;E0282:6;E0609:3;E0061:2;E0392:2;E0063:1;E0107:1
src/v2/compiler/source_authority.dag	1	refuse	6717	20	E0308:5767;E0277:294;E0425:215;E0599:161;E0369:106;E0107:25;E0422:23;E0282:22;E0063:18;E0433:17;E0631:16;E0614:14;E0597:11;E0109:10;E0061:8;E0609:5;E0392:2;E0310:1;E0560:1;E0573:1
src/v2/compiler/use_site_verdict.dag	1	refuse	714	9	E0308:579;E0599:82;E0277:42;E0369:4;E0609:3;E0107:1;E0282:1;E0432:1;E0614:1
