label	AFTER_phase_c
classifier_stamp	rule1-first-error-plus-residual-histogram-v3-uncoded-split
protocol	CSSL_STD_SEED_LINK=1; shim_lib_rel=empty; gunbc compile -> cssl_assemble -> cargo build --release --lib
gunbc_sha	1fbda5544464b1f6f472bec430f35d59f68cf21a675c8cea1e03cd36764fc0f2
git_sha	aa383585eee74df688e092f3b9517567167be61f
gunbc_mtime	2026-07-26 17:24:35.033756897 +0000
baseline	banked #7275 refresh_canonical_seven_2026-07-26.tsv TOTAL E0308=837
module	emit	cargo	first_error	mapped_gate	verdict	residual_histogram
src/v2/compiler/06_translate.dag	60 files emitted, 27 diagnostics	refuse	error: UNRESOLVED_CompilerError	UNKNOWN_unresolved	UNKNOWN-error:_UNRESOLVED_CompilerError	error[E0308]:114 error[E0599]:93 error[E0277]:76 error[E0063]:18 error[E0369]:14 error[E0597]:13 error[E0107]:13 error[E0282]:9 error[E0609]:6 error[E0614]:3 error[E0392]:2 error[E0560]:1 error[E0061]:1 error[E0004]:1 uncoded_unreachable_pattern:21 uncoded_UNRESOLVED_CompilerError:1	0
src/v2/compiler/04_infer.dag	52 files emitted, 19 diagnostics	refuse	error: UNRESOLVED_CompilerError	UNKNOWN_unresolved	UNKNOWN-error:_UNRESOLVED_CompilerError	error[E0308]:91 error[E0599]:88 error[E0277]:75 error[E0063]:18 error[E0369]:14 error[E0107]:13 error[E0282]:9 error[E0609]:6 error[E0597]:5 error[E0614]:3 error[E0392]:2 error[E0560]:1 error[E0061]:1 error[E0004]:1 uncoded_unreachable_pattern:18 uncoded_UNRESOLVED_CompilerError:1	0
src/v2/compiler/05_eval.dag	59 files emitted, 26 diagnostics	refuse	error: UNRESOLVED_CompilerError	UNKNOWN_unresolved	UNKNOWN-error:_UNRESOLVED_CompilerError	error[E0308]:117 error[E0599]:91 error[E0277]:81 error[E0369]:29 error[E0614]:22 error[E0063]:20 error[E0107]:18 error[E0282]:9 error[E0597]:8 error[E0609]:6 error[E0560]:2 error[E0392]:2 error[E0310]:2 error[E0271]:1 error[E0061]:1 error[E0004]:1 uncoded_unreachable_pattern:20 uncoded_UNRESOLVED_CompilerError:1	0
src/v2/compiler/05_emit.dag	61 files emitted, 27 diagnostics	refuse	error: UNRESOLVED_CompilerError	UNKNOWN_unresolved	UNKNOWN-error:_UNRESOLVED_CompilerError	error[E0308]:114 error[E0599]:93 error[E0277]:76 error[E0063]:18 error[E0369]:14 error[E0597]:13 error[E0107]:13 error[E0282]:9 error[E0609]:6 error[E0614]:3 error[E0392]:2 error[E0560]:1 error[E0061]:1 error[E0004]:1 uncoded_unreachable_pattern:21 uncoded_UNRESOLVED_CompilerError:1	0
src/v2/compiler/emit_host.dag	91 files emitted, 81 diagnostics	refuse	error: UNRESOLVED_CompilerError	UNKNOWN_unresolved	UNKNOWN-error:_UNRESOLVED_CompilerError	error[E0308]:203 error[E0277]:129 error[E0599]:96 error[E0369]:81 error[E0107]:31 error[E0614]:22 error[E0063]:20 error[E0597]:16 error[E0282]:9 error[E0609]:6 error[E0560]:2 error[E0425]:2 error[E0392]:2 error[E0310]:2 error[E0271]:1 error[E0061]:1 error[E0004]:1 uncoded_unreachable_pattern:24 uncoded_UNRESOLVED_CompilerError:1	0
src/v2/compiler/emit_module.dag	62 files emitted, 27 diagnostics	refuse	error: UNRESOLVED_CompilerError	UNKNOWN_unresolved	UNKNOWN-error:_UNRESOLVED_CompilerError	error[E0308]:122 error[E0599]:93 error[E0277]:76 error[E0063]:18 error[E0369]:14 error[E0597]:13 error[E0107]:13 error[E0282]:9 error[E0609]:6 error[E0614]:3 error[E0392]:2 error[E0560]:1 error[E0061]:1 error[E0004]:1 uncoded_unreachable_pattern:21 uncoded_UNRESOLVED_CompilerError:1	0
src/v2/compiler/materialization_carriers.dag	44 files emitted, 50 diagnostics	refuse	error[E0107]: missing generics for enum `Outcome`	UNKNOWN	UNKNOWN-error[E0107]:_missing_generics_for_enum_`Outcome`	error[E0277]:90 error[E0599]:81 error[E0308]:78 error[E0369]:62 error[E0107]:13 error[E0061]:2 error[E0282]:1 uncoded_unreachable_pattern:1	0
