message	path	line	col	left	right	single	code
binary operation `<` cannot be applied to type `Rc<Rc<CommutativeSemiring<Magnitude>>>`	src/std_nat.rs	17	19			Rc<Rc<CommutativeSemiring<Magnitude>>>	if (a.clone() < b.clone()) {
binary operation `>` cannot be applied to type `Rc<Rc<CommutativeSemiring<Magnitude>>>`	src/std_nat.rs	20	23			Rc<Rc<CommutativeSemiring<Magnitude>>>	if (a.clone() > b.clone()) {
binary operation `>` cannot be applied to type `Rc<Rc<CommutativeSemiring<Magnitude>>>`	src/std_nat.rs	29	19			Rc<Rc<CommutativeSemiring<Magnitude>>>	if (a.clone() > b.clone()) {
binary operation `<` cannot be applied to type `Rc<Rc<CommutativeSemiring<Magnitude>>>`	src/std_nat.rs	37	19			Rc<Rc<CommutativeSemiring<Magnitude>>>	if (a.clone() < b.clone()) {
binary operation `==` cannot be applied to type `Rc<im::Vector<T>>`	src/v2_std_algebra.rs	48	5			Rc<im::Vector<T>>	#[derive(Debug, Clone, PartialEq, serde::Serialize, serde::Deserialize)]
binary operation `==` cannot be applied to type `&Rc<im::Vector<T>>`	src/v2_std_algebra.rs	91	9			&Rc<im::Vector<T>>	#[derive(Debug, Clone, PartialEq, serde::Serialize, serde::Deserialize)]
cannot multiply `Rc<Rc<CommutativeSemiring<Magnitude>>>` by `Rc<Rc<CommutativeSemiring<Magnitude>>>`	src/std_measure.rs	100	13				((k.clone() * k.clone()) * k.clone())
cannot multiply `Rc<Rc<CommutativeSemiring<Magnitude>>>` by `Rc<Rc<CommutativeSemiring<Magnitude>>>`	src/std_measure.rs	147	40				Scale::Mebi => Some((kibi_factor() * kibi_factor())),
cannot multiply `Rc<Rc<CommutativeSemiring<Magnitude>>>` by `Rc<Rc<CommutativeSemiring<Magnitude>>>`	src/std_measure.rs	149	56				Scale::Tebi => Some((gibibyte_scale_factor_bytes() * kibi_factor())),
binary operation `==` cannot be applied to type `Rc<Rc<CommutativeSemiring<Magnitude>>>`	src/std_measure.rs	178	28			Rc<Rc<CommutativeSemiring<Magnitude>>>	count: if (den.clone() == 0) {
cannot multiply `Rc<CommutativeSemiring<Magnitude>>` by `Rc<Rc<CommutativeSemiring<Magnitude>>>`	src/std_measure.rs	181	30				(((*m.count).clone() * num.clone()) / den.clone())
binary operation `==` cannot be applied to type `Rc<CommutativeSemiring<Magnitude>>`	src/std_measure.rs	190	24			Rc<CommutativeSemiring<Magnitude>>	if (each_count.clone() == 0) {
cannot divide `Rc<CommutativeSemiring<Magnitude>>` by `Rc<CommutativeSemiring<Magnitude>>`	src/std_measure.rs	193	40				((*capacity.count).clone() / each_count.clone())
binary operation `==` cannot be applied to type `Rc<Rc<CommutativeSemiring<Magnitude>>>`	src/std_measure.rs	200	28			Rc<Rc<CommutativeSemiring<Magnitude>>>	count: if (den.clone() == 0) {
cannot multiply `Rc<CommutativeSemiring<Magnitude>>` by `Rc<Rc<CommutativeSemiring<Magnitude>>>`	src/std_measure.rs	201	29				((*m.count).clone() * num.clone())
cannot multiply `Rc<CommutativeSemiring<Magnitude>>` by `Rc<Rc<CommutativeSemiring<Magnitude>>>`	src/std_measure.rs	203	31				((((*m.count).clone() * num.clone()) + (den.clone() - 1)) / den.clone())
cannot subtract `{integer}` from `Rc<Rc<CommutativeSemiring<Magnitude>>>`	src/std_measure.rs	203	61				((((*m.count).clone() * num.clone()) + (den.clone() - 1)) / den.clone())
cannot add `Rc<CommutativeSemiring<Magnitude>>` to `Rc<CommutativeSemiring<Magnitude>>`	src/std_measure.rs	211	32				count: ((*a.count).clone() + (*b.count).clone()),
binary operation `<=` cannot be applied to type `Rc<CommutativeSemiring<Magnitude>>`	src/std_measure.rs	217	25			Rc<CommutativeSemiring<Magnitude>>	((*a.count).clone() <= (*b.count).clone())
cannot multiply `Rc<Rc<CommutativeSemiring<Magnitude>>>` by `Rc<Rc<CommutativeSemiring<Magnitude>>>`	src/std_measure.rs	258	42				byte_size((gibibyte_count(g.clone()) * gibibyte_scale_factor_bytes()))
binary operation `==` cannot be applied to type `Rc<Measure<(), (), Rc<Rc<CommutativeSemiring<Magnitude>>>>>`	src/std_measure.rs	363	5			Rc<Measure<(), (), Rc<Rc<CommutativeSemiring<Magnitude>>>>>	#[derive(Debug, Clone, PartialEq, serde::Serialize, serde::Deserialize)]
cannot multiply `Rc<Rc<CommutativeSemiring<Magnitude>>>` by `Rc<Rc<CommutativeSemiring<Magnitude>>>`	src/std_measure.rs	407	68				amount: money_amount_micro((money_per_minute_micros(q.clone()) * minutes_per_hour())),
cannot divide `Rc<Rc<CommutativeSemiring<Magnitude>>>` by `Rc<Rc<CommutativeSemiring<Magnitude>>>`	src/std_measure.rs	437	67				amount: money_amount_micro((money_per_month_micros(q.clone()) / billing_month_as_hour_count())),
cannot multiply `Rc<Rc<CommutativeSemiring<Magnitude>>>` by `Rc<Rc<CommutativeSemiring<Magnitude>>>`	src/std_measure.rs	564	38				joule((watt_count(power.clone()) * second_count(time.clone())))
cannot divide `Rc<Rc<CommutativeSemiring<Magnitude>>>` by `{integer}`	src/std_measure.rs	603	43	bool	bool		(parts_per_ten_thousand_unity_count() / 2)
binary operation `==` cannot be applied to type `Rc<Measure<(), S, Rc<Rc<CommutativeSemiring<Magnitude>>>>>`	src/std_realization_schedule.rs	44	5			Rc<Measure<(), S, Rc<Rc<CommutativeSemiring<Magnitude>>>>>	#[derive(Debug, Clone, PartialEq, serde::Serialize, serde::Deserialize)]
binary operation `==` cannot be applied to type `Rc<Measure<(), (), Rc<Rc<CommutativeSemiring<Magnitude>>>>>`	src/std_realization_schedule.rs	45	5			Rc<Measure<(), (), Rc<Rc<CommutativeSemiring<Magnitude>>>>>	#[derive(Debug, Clone, PartialEq, serde::Serialize, serde::Deserialize)]
binary operation `==` cannot be applied to type `Rc<Measure<(), (), Rc<Rc<CommutativeSemiring<Magnitude>>>>>`	src/std_realization_schedule.rs	46	5			Rc<Measure<(), (), Rc<Rc<CommutativeSemiring<Magnitude>>>>>	#[derive(Debug, Clone, PartialEq, serde::Serialize, serde::Deserialize)]
cannot add `Rc<Rc<CommutativeSemiring<Magnitude>>>` to `Rc<Rc<CommutativeSemiring<Magnitude>>>`	src/std_realization_measurement.rs	69	41				byte_size((measure_count(a.clone()) + measure_count(b.clone())))
binary operation `==` cannot be applied to type `Rc<Measure<(), (), Rc<Rc<CommutativeSemiring<Magnitude>>>>>`	src/std_realization_measurement.rs	96	5			Rc<Measure<(), (), Rc<Rc<CommutativeSemiring<Magnitude>>>>>	#[derive(Debug, Clone, PartialEq, serde::Serialize, serde::Deserialize)]
binary operation `==` cannot be applied to type `Rc<Rc<CommutativeSemiring<Magnitude>>>`	src/std_realization_measurement.rs	125	68			Rc<Rc<CommutativeSemiring<Magnitude>>>	(((measure_count(concurrent_memory_peak_per_share(sample.clone())) == 2100028416) && (measure_count(concurrent_memory_peak_per_shar...
binary operation `==` cannot be applied to type `Rc<Rc<CommutativeSemiring<Magnitude>>>`	src/std_realization_measurement.rs	125	155			Rc<Rc<CommutativeSemiring<Magnitude>>>	...28416) && (measure_count(concurrent_memory_peak_per_share(degenerate.clone())) == 2100028416)) && (measure_count(concurrent_memo...
binary operation `==` cannot be applied to type `Rc<Rc<CommutativeSemiring<Magnitude>>>`	src/std_realization_measurement.rs	125	244			Rc<Rc<CommutativeSemiring<Magnitude>>>	...416)) && (measure_count(concurrent_memory_peak_per_share(indivisible.clone())) == 3))
binary operation `==` cannot be applied to type `Rc<Rc<CommutativeSemiring<Magnitude>>>`	src/std_realization_measurement.rs	130	31			Rc<Rc<CommutativeSemiring<Magnitude>>>	(measure_count(d.clone()) == 0)
cannot add `Rc<Rc<CommutativeSemiring<Magnitude>>>` to `Rc<Rc<CommutativeSemiring<Magnitude>>>`	src/std_realization_measurement.rs	140	52				time_measure((measure_count(a.clone()) + measure_count(b.clone())))
binary operation `==` cannot be applied to type `Rc<Rc<CommutativeSemiring<Magnitude>>>`	src/std_realization_measurement.rs	178	42			Rc<Rc<CommutativeSemiring<Magnitude>>>	if (measure_count(wall_time.clone()) == 0) {
binary operation `!=` cannot be applied to type `Rc<Rc<CommutativeSemiring<Magnitude>>>`	src/std_realization_measurement.rs	184	26			Rc<Rc<CommutativeSemiring<Magnitude>>>	((measured_count.clone() != predicted_count.clone()) && (measured_count.clone() == measure_count(wall_time.clone())))
binary operation `==` cannot be applied to type `Rc<Rc<CommutativeSemiring<Magnitude>>>`	src/std_realization_measurement.rs	184	81			Rc<Rc<CommutativeSemiring<Magnitude>>>	((measured_count.clone() != predicted_count.clone()) && (measured_count.clone() == measure_count(wall_time.clone())))
binary operation `>` cannot be applied to type `Rc<Rc<CommutativeSemiring<Magnitude>>>`	src/std_realization_width.rs	84	25			Rc<Rc<CommutativeSemiring<Magnitude>>>	if (total_bytes.clone() > reserved_bytes.clone()) {
cannot subtract `Rc<Rc<CommutativeSemiring<Magnitude>>>` from `Rc<Rc<CommutativeSemiring<Magnitude>>>`	src/std_realization_width.rs	85	44				byte_size((total_bytes.clone() - reserved_bytes.clone()))
binary operation `>` cannot be applied to type `Rc<Rc<CommutativeSemiring<Magnitude>>>`	src/std_realization_width.rs	96	16			Rc<Rc<CommutativeSemiring<Magnitude>>>	if (av.clone() > bv.clone()) {
cannot subtract `Rc<Rc<CommutativeSemiring<Magnitude>>>` from `Rc<Rc<CommutativeSemiring<Magnitude>>>`	src/std_realization_width.rs	97	47				hardware_thread_count((av.clone() - bv.clone()))
binary operation `>=` cannot be applied to type `Rc<Rc<CommutativeSemiring<Magnitude>>>`	src/std_realization_width.rs	113	36			Rc<Rc<CommutativeSemiring<Magnitude>>>	if (byte_size_count(a.clone()) >= byte_size_count(b.clone())) {
binary operation `==` cannot be applied to type `Rc<Rc<CommutativeSemiring<Magnitude>>>`	src/std_realization_width.rs	127	26			Rc<Rc<CommutativeSemiring<Magnitude>>>	if (budget_bytes.clone() == 0) {
binary operation `==` cannot be applied to type `Rc<Rc<CommutativeSemiring<Magnitude>>>`	src/std_realization_width.rs	157	23			Rc<Rc<CommutativeSemiring<Magnitude>>>	if (mem_bytes.clone() == 0) {
binary operation `==` cannot be applied to type `Rc<Measure<(), (), Rc<Rc<CommutativeSemiring<Magnitude>>>>>`	src/std_realization_width.rs	181	5			Rc<Measure<(), (), Rc<Rc<CommutativeSemiring<Magnitude>>>>>	#[derive(Debug, Clone, PartialEq, serde::Serialize, serde::Deserialize)]
binary operation `==` cannot be applied to type `Rc<Rc<CommutativeSemiring<Magnitude>>>`	src/std_realization_width.rs	201	107			Rc<Rc<CommutativeSemiring<Magnitude>>>	(hardware_thread_count_value(bounded_host_spawn_width(shard_count.clone(), hardware_threads.clone())) == expected.clone())
binary operation `!=` cannot be applied to type `Rc<Rc<CommutativeSemiring<Magnitude>>>`	src/std_realization_width.rs	205	107			Rc<Rc<CommutativeSemiring<Magnitude>>>	(hardware_thread_count_value(bounded_host_spawn_width(shard_count.clone(), hardware_threads.clone())) != shard_count.clone())
binary operation `==` cannot be applied to type `Rc<Measure<(), (), Rc<Rc<CommutativeSemiring<Magnitude>>>>>`	src/std_realization_width.rs	237	5			Rc<Measure<(), (), Rc<Rc<CommutativeSemiring<Magnitude>>>>>	#[derive(Debug, Clone, PartialEq, serde::Serialize, serde::Deserialize)]
binary operation `==` cannot be applied to type `Rc<Measure<(), (), Rc<Rc<CommutativeSemiring<Magnitude>>>>>`	src/std_realization_width.rs	238	5			Rc<Measure<(), (), Rc<Rc<CommutativeSemiring<Magnitude>>>>>	#[derive(Debug, Clone, PartialEq, serde::Serialize, serde::Deserialize)]
binary operation `==` cannot be applied to type `Rc<Measure<(), (), Rc<Rc<CommutativeSemiring<Magnitude>>>>>`	src/std_realization_width.rs	239	5			Rc<Measure<(), (), Rc<Rc<CommutativeSemiring<Magnitude>>>>>	#[derive(Debug, Clone, PartialEq, serde::Serialize, serde::Deserialize)]
binary operation `==` cannot be applied to type `Rc<Measure<(), (), Rc<Rc<CommutativeSemiring<Magnitude>>>>>`	src/std_realization_width.rs	246	5			Rc<Measure<(), (), Rc<Rc<CommutativeSemiring<Magnitude>>>>>	#[derive(Debug, Clone, PartialEq, serde::Serialize, serde::Deserialize)]
binary operation `==` cannot be applied to type `Rc<Measure<(), (), Rc<Rc<CommutativeSemiring<Magnitude>>>>>`	src/std_realization_width.rs	247	5			Rc<Measure<(), (), Rc<Rc<CommutativeSemiring<Magnitude>>>>>	#[derive(Debug, Clone, PartialEq, serde::Serialize, serde::Deserialize)]
binary operation `==` cannot be applied to type `Rc<Measure<(), (), Rc<Rc<CommutativeSemiring<Magnitude>>>>>`	src/std_realization_width.rs	248	5			Rc<Measure<(), (), Rc<Rc<CommutativeSemiring<Magnitude>>>>>	#[derive(Debug, Clone, PartialEq, serde::Serialize, serde::Deserialize)]
binary operation `==` cannot be applied to type `Rc<im::Vector<T>>`	src/v2_std_collection.rs	161	5	Rc<PrimitiveFactBundle>		Rc<im::Vector<T>>	#[derive(Debug, Clone, PartialEq, serde::Serialize, serde::Deserialize)]
binary operation `<` cannot be applied to type `Rc<v2_std_nat::Nat>`	src/v2_std_nat.rs	58	23	Rc<DecimalDigitsStep>	Rc<DecimalDigitStep>	Rc<v2_std_nat::Nat>	if (a.clone() < b.clone()) {
binary operation `<` cannot be applied to type `Rc<v2_std_nat::Nat>`	src/v2_std_integer.rs	1407	31			Rc<v2_std_nat::Nat>	if (value.clone() < 10) {
cannot divide `Rc<v2_std_nat::Nat>` by `{integer}`	src/v2_std_integer.rs	1411	47				let rest = (value.clone() / 10);
binary operation `==` cannot be applied to type `Rc<im::HashMap<Rc<EnvironmentBindingKey>, Rc<RuntimeValue>>>`	src/v2_std_runtime.rs	70	5			Rc<im::HashMap<Rc<EnvironmentBindingKey>, Rc<RuntimeValue>>>	#[derive(Debug, Clone, PartialEq, serde::Serialize, serde::Deserialize)]
binary operation `==` cannot be applied to type `&Rc<ValueInterpreter>`	src/v2_std_runtime.rs	393	9			&Rc<ValueInterpreter>	#[derive(Debug, Clone, PartialEq, serde::Serialize, serde::Deserialize)]
binary operation `==` cannot be applied to type `&Rc<TransformInterpreter>`	src/v2_std_runtime.rs	396	9			&Rc<TransformInterpreter>	#[derive(Debug, Clone, PartialEq, serde::Serialize, serde::Deserialize)]
binary operation `==` cannot be applied to type `&Rc<BranchInterpreter>`	src/v2_std_runtime.rs	399	9			&Rc<BranchInterpreter>	#[derive(Debug, Clone, PartialEq, serde::Serialize, serde::Deserialize)]
binary operation `==` cannot be applied to type `&Rc<LoopInterpreter>`	src/v2_std_runtime.rs	402	9			&Rc<LoopInterpreter>	#[derive(Debug, Clone, PartialEq, serde::Serialize, serde::Deserialize)]
binary operation `==` cannot be applied to type `&Rc<BindInterpreter>`	src/v2_std_runtime.rs	405	9			&Rc<BindInterpreter>	#[derive(Debug, Clone, PartialEq, serde::Serialize, serde::Deserialize)]
binary operation `==` cannot be applied to type `&Rc<MatchInterpreter>`	src/v2_std_runtime.rs	408	9	Rc<EffectHandler>	()	&Rc<MatchInterpreter>	#[derive(Debug, Clone, PartialEq, serde::Serialize, serde::Deserialize)]
binary operation `==` cannot be applied to type `Rc<im::HashMap<Rc<Node>, Rc<InferredFacts>>>`	src/v2_compiler_infer.rs	88	5			Rc<im::HashMap<Rc<Node>, Rc<InferredFacts>>>	#[derive(Debug, Clone, PartialEq, serde::Serialize, serde::Deserialize)]
binary operation `==` cannot be applied to type `&Rc<EffectIoEvalBundle>`	src/v2_compiler_eval.rs	155	9			&Rc<EffectIoEvalBundle>	#[derive(Debug, Clone, PartialEq, serde::Serialize, serde::Deserialize)]
binary operation `==` cannot be applied to type `Rc<dyn Fn(Rc<Node>, Rc<EvaluationEnvironment>) -> Rc<Outcome<Rc<RuntimeValue>>>>`	src/v2_compiler_eval.rs	226	36			Rc<dyn Fn(Rc<Node>, Rc<EvaluationEnvironment>) -> Rc<Outcome<Rc<RuntimeValue>>>>	if (v.allocate_literal.clone() == v2_eval_allocate_literal) {
binary operation `==` cannot be applied to type `Rc<dyn Fn(Rc<Node>, Rc<EvaluationEnvironment>) -> Rc<Outcome<Rc<RuntimeValue>>>>`	src/v2_compiler_eval.rs	229	40			Rc<dyn Fn(Rc<Node>, Rc<EvaluationEnvironment>) -> Rc<Outcome<Rc<RuntimeValue>>>>	if (v.allocate_literal.clone() == v2_eval_represent_literal) {
binary operation `==` cannot be applied to type `Rc<dyn Fn(Rc<Node>, Rc<Vector<Rc<RuntimeValue>>>, Rc<...>) -> ...>`	src/v2_compiler_eval.rs	238	34			Rc<dyn Fn(Rc<Node>, Rc<Vector<Rc<RuntimeValue>>>, Rc<...>) -> ...>	if (t.call_primitive.clone() == v2_eval_call_primitive) {
binary operation `==` cannot be applied to type `Rc<dyn Fn(Rc<Node>, Rc<RuntimeValue>, Rc<EvaluationEnvironment>) -> Rc<Outcome<Rc<Node>>>>`	src/v2_compiler_eval.rs	246	33			Rc<dyn Fn(Rc<Node>, Rc<RuntimeValue>, Rc<EvaluationEnvironment>) -> Rc<Outcome<Rc<Node>>>>	if (b.choose_branch.clone() == v2_eval_choose_branch) {
binary operation `==` cannot be applied to type `Rc<dyn Fn(Rc<Node>, Rc<EvaluationEnvironment>) -> Rc<Outcome<Rc<ControlTransfer>>>>`	src/v2_compiler_eval.rs	254	29			Rc<dyn Fn(Rc<Node>, Rc<EvaluationEnvironment>) -> Rc<Outcome<Rc<ControlTransfer>>>>	if (l.step_loop.clone() == v2_eval_step_loop) {
binary operation `==` cannot be applied to type `Rc<dyn Fn(Rc<EnvironmentBindingKey>, Rc<RuntimeValue>, ...) -> ...>`	src/v2_compiler_eval.rs	262	30			Rc<dyn Fn(Rc<EnvironmentBindingKey>, Rc<RuntimeValue>, ...) -> ...>	if (b.bind_value.clone() == v2_eval_bind_value) {
binary operation `==` cannot be applied to type `Rc<dyn Fn(Rc<Node>, Rc<EvaluationEnvironment>) -> Rc<Outcome<Rc<RuntimeValue>>>>`	src/v2_compiler_eval.rs	270	36			Rc<dyn Fn(Rc<Node>, Rc<EvaluationEnvironment>) -> Rc<Outcome<Rc<RuntimeValue>>>>	if (v.allocate_literal.clone() == v2_eval_allocate_literal) {
binary operation `==` cannot be applied to type `Rc<dyn Fn(Rc<Node>, Rc<EvaluationEnvironment>) -> Rc<Outcome<Rc<RuntimeValue>>>>`	src/v2_compiler_eval.rs	273	40			Rc<dyn Fn(Rc<Node>, Rc<EvaluationEnvironment>) -> Rc<Outcome<Rc<RuntimeValue>>>>	if (v.allocate_literal.clone() == v2_eval_represent_literal) {
binary operation `==` cannot be applied to type `Rc<dyn Fn(Rc<Node>, Rc<Vector<Rc<RuntimeValue>>>, Rc<...>) -> ...>`	src/v2_compiler_eval.rs	282	34			Rc<dyn Fn(Rc<Node>, Rc<Vector<Rc<RuntimeValue>>>, Rc<...>) -> ...>	if (t.call_primitive.clone() == v2_eval_call_primitive) {
binary operation `==` cannot be applied to type `Rc<dyn Fn(Rc<Node>, Rc<RuntimeValue>, Rc<EvaluationEnvironment>) -> Rc<Outcome<Rc<Node>>>>`	src/v2_compiler_eval.rs	290	33			Rc<dyn Fn(Rc<Node>, Rc<RuntimeValue>, Rc<EvaluationEnvironment>) -> Rc<Outcome<Rc<Node>>>>	if (b.choose_branch.clone() == v2_eval_choose_branch) {
binary operation `==` cannot be applied to type `Rc<dyn Fn(Rc<Node>, Rc<EvaluationEnvironment>) -> Rc<Outcome<Rc<ControlTransfer>>>>`	src/v2_compiler_eval.rs	298	29			Rc<dyn Fn(Rc<Node>, Rc<EvaluationEnvironment>) -> Rc<Outcome<Rc<ControlTransfer>>>>	if (l.step_loop.clone() == v2_eval_step_loop) {
binary operation `==` cannot be applied to type `Rc<dyn Fn(Rc<EnvironmentBindingKey>, Rc<RuntimeValue>, ...) -> ...>`	src/v2_compiler_eval.rs	306	30			Rc<dyn Fn(Rc<EnvironmentBindingKey>, Rc<RuntimeValue>, ...) -> ...>	if (b.bind_value.clone() == v2_eval_bind_value) {
binary operation `==` cannot be applied to type `Rc<InterpretationAlgebra>`	src/v2_compiler_eval.rs	338	36			Rc<InterpretationAlgebra>	if (interpretation.clone() == v2_evaluator_interpretation()) {
binary operation `==` cannot be applied to type `Rc<InterpretationAlgebra>`	src/v2_compiler_eval.rs	625	123	Rc<EvalParamBindAcc>	()	Rc<InterpretationAlgebra>	....to_string()) && (authority.interpretation.clone() == v2_evaluator_interpretation())) && (authority.semantics_digest.clone() == ...
