E0425	src/v2_compiler_target_carriers.rs:84:23
E0425	src/v2_compiler_normalized_tree.rs:44:69
E0425	src/v2_compiler_normalized_tree.rs:63:80
E0425	src/v2_compiler_emit_host.rs:260:79
E0277	src/std_access.rs:132:30
E0277	src/std_access.rs:132:30
E0277	src/std_access.rs:132:30
E0277	src/std_access.rs:132:30
E0277	src/std_access.rs:132:30
E0277	src/std_authorization_profile.rs:191:5
E0277	src/std_authorization_profile.rs:190:72
E0277	src/std_authorization_profile.rs:197:5
E0277	src/std_authorization_profile.rs:196:54
E0277	src/std_authorization_profile.rs:215:5
E0277	src/std_authorization_profile.rs:215:5
E0277	src/std_authorization_profile.rs:215:5
E0277	src/std_authorization_profile.rs:215:5
E0277	src/std_authorization_profile.rs:215:5
E0277	src/std_authorization_profile.rs:214:157
E0277	src/std_authorization_profile.rs:214:157
E0277	src/std_authorization_profile.rs:214:157
E0277	src/std_authorization_profile.rs:214:157
E0277	src/std_authorization_profile.rs:214:157
E0277	src/std_authorization_profile.rs:221:5
E0277	src/std_authorization_profile.rs:221:5
E0277	src/std_authorization_profile.rs:221:5
E0277	src/std_authorization_profile.rs:221:5
E0277	src/std_authorization_profile.rs:221:5
E0277	src/std_authorization_profile.rs:220:115
E0277	src/std_authorization_profile.rs:220:115
E0277	src/std_authorization_profile.rs:220:115
E0277	src/std_authorization_profile.rs:220:115
E0277	src/std_authorization_profile.rs:220:115
E0277	src/std_authorization_profile.rs:265:5
E0277	src/std_authorization_profile.rs:264:72
E0277	src/std_authorization_profile.rs:271:5
E0277	src/std_authorization_profile.rs:270:54
E0277	src/std_authorization_profile.rs:289:5
E0277	src/std_authorization_profile.rs:289:5
E0277	src/std_authorization_profile.rs:289:5
E0277	src/std_authorization_profile.rs:289:5
E0277	src/std_authorization_profile.rs:289:5
E0277	src/std_authorization_profile.rs:288:132
E0277	src/std_authorization_profile.rs:288:132
E0277	src/std_authorization_profile.rs:288:132
E0277	src/std_authorization_profile.rs:288:132
E0277	src/std_authorization_profile.rs:288:132
E0277	src/std_authorization_profile.rs:295:5
E0277	src/std_authorization_profile.rs:295:5
E0277	src/std_authorization_profile.rs:295:5
E0277	src/std_authorization_profile.rs:295:5
E0277	src/std_authorization_profile.rs:295:5
E0277	src/std_authorization_profile.rs:294:96
E0277	src/std_authorization_profile.rs:294:96
E0277	src/std_authorization_profile.rs:294:96
E0277	src/std_authorization_profile.rs:294:96
E0277	src/std_authorization_profile.rs:294:96
E0277	src/v2_std_test_claim_falsification.rs:38:24
E0277	src/v2_compiler_eval.rs:302:19
E0277	src/v2_compiler_eval.rs:329:21
E0277	src/std_authorization_profile.rs:191:13
E0277	src/std_authorization_profile.rs:197:12
E0277	src/std_authorization_profile.rs:215:13
E0277	src/std_authorization_profile.rs:215:13
E0277	src/std_authorization_profile.rs:215:13
E0277	src/std_authorization_profile.rs:215:13
E0277	src/std_authorization_profile.rs:215:13
E0277	src/std_authorization_profile.rs:221:12
E0277	src/std_authorization_profile.rs:221:12
E0277	src/std_authorization_profile.rs:221:12
E0277	src/std_authorization_profile.rs:221:12
E0277	src/std_authorization_profile.rs:221:12
E0277	src/std_authorization_profile.rs:265:13
E0277	src/std_authorization_profile.rs:271:12
E0277	src/std_authorization_profile.rs:289:13
E0277	src/std_authorization_profile.rs:289:13
E0277	src/std_authorization_profile.rs:289:13
E0277	src/std_authorization_profile.rs:289:13
E0277	src/std_authorization_profile.rs:289:13
E0277	src/std_authorization_profile.rs:295:12
E0277	src/std_authorization_profile.rs:295:12
E0277	src/std_authorization_profile.rs:295:12
E0277	src/std_authorization_profile.rs:295:12
E0277	src/std_authorization_profile.rs:295:12
E0308	src/v2_extdeps_languages_fidelity.rs:27:79
E0308	src/v2_std_passing_candidate_fold.rs:34:83
E0308	src/std_checked_arithmetic.rs:305:12
E0277	src/std_authorization_profile.rs:83:72
E0369	src/std_authorization_profile.rs:83:132
E0277	src/std_authorization_profile.rs:94:14
E0277	src/std_authorization_profile.rs:290:131
E0369	src/std_authorization_profile.rs:296:93
E0277	src/v2_std_node.rs:52:9
E0277	src/v2_std_node.rs:52:9
E0308	src/v2_std_algebra.rs:152:63
E0308	src/v2_std_logic.rs:53:5
E0308	src/v2_std_logic.rs:54:5
E0308	src/v2_std_logic.rs:57:5
E0308	src/v2_std_logic.rs:58:5
E0308	src/v2_std_logic.rs:61:5
E0308	src/v2_std_logic.rs:62:5
E0308	src/std_measure.rs:488:18
E0369	src/std_measure.rs:508:109
E0308	src/v2_std_text.rs:65:59
E0308	src/std_realization_schedule.rs:64:11
E0308	src/std_realization_schedule.rs:74:11
E0308	src/std_realization_schedule.rs:83:19
E0560	src/v2_std_collection.rs:94:5
E0277	src/v2_std_collection.rs:96:14
E0277	src/v2_std_collection.rs:96:14
E0308	src/v2_std_collection.rs:93:13
E0277	src/v2_std_collection.rs:102:5
E0277	src/v2_std_collection.rs:102:5
E0308	src/v2_std_fold_assembly.rs:258:38
E0308	src/std_cache_interface.rs:638:12
E0308	src/std_cache_interface.rs:652:22
E0308	src/std_cache_interface.rs:667:23
E0308	src/std_cache_interface.rs:695:5
E0308	src/std_cache_interface.rs:699:5
E0308	src/std_cache_interface.rs:703:5
E0308	src/std_realization_measurement.rs:96:11
E0560	src/v2_std_model_core.rs:246:5
E0308	src/v2_std_model_core.rs:245:13
E0369	src/v2_std_nat.rs:56:23
E0308	src/v2_std_node_query.rs:150:104
E0308	src/v2_std_cardinality.rs:581:42
E0308	src/v2_std_compilers_lexing.rs:235:13
E0308	src/v2_std_integer.rs:1155:5
E0308	src/v2_std_integer.rs:1359:26
E0308	src/v2_std_integer.rs:1362:30
E0308	src/v2_std_integer.rs:1365:34
E0308	src/v2_std_integer.rs:1368:38
E0308	src/v2_std_integer.rs:1371:42
E0308	src/v2_std_integer.rs:1374:46
E0308	src/v2_std_integer.rs:1377:50
E0308	src/v2_std_integer.rs:1380:54
E0308	src/v2_std_integer.rs:1383:58
E0308	src/v2_std_integer.rs:1400:30
E0369	src/v2_std_integer.rs:1403:31
E0369	src/v2_std_integer.rs:1407:47
E0560	src/v2_extdeps_runtimes_v2_effect_io_pure.rs:119:5
E0308	src/v2_extdeps_runtimes_v2_effect_io_pure.rs:118:23
E0614	src/v2_extdeps_runtimes_v2_effect_io_pure.rs:211:15
E0308	src/std_effect_grant.rs:293:12
E0599	src/v2_std_symbol_index.rs:116:20
E0599	src/v2_std_symbol_index.rs:117:20
E0599	src/v2_std_symbol_index.rs:151:20
E0599	src/v2_std_symbol_index.rs:154:20
E0425	src/extdeps_realization_emit_on_demand_host.rs:283:1
E0282	src/v2_std_find_witness.rs:77:67
E0061	src/v2_std_find_witness.rs:77:5
E0614	src/v2_std_compilers_target_model.rs:442:11
E0308	src/v2_std_compilers_target_model.rs:497:14
E0614	src/v2_std_compilers_target_model.rs:534:105
E0614	src/v2_std_compilers_target_model.rs:544:100
E0063	src/v2_std_compilers_target_model.rs:1185:33
E0063	src/v2_std_compilers_target_model.rs:1199:33
E0063	src/v2_std_compilers_target_model.rs:1213:33
E0063	src/v2_std_compilers_target_model.rs:1227:33
E0063	src/v2_std_compilers_target_model.rs:1272:235
E0063	src/v2_std_compilers_target_model.rs:1285:45
E0063	src/v2_std_compilers_target_model.rs:1302:49
E0063	src/v2_std_compilers_target_model.rs:1322:53
E0063	src/v2_std_compilers_target_model.rs:1363:33
E0063	src/v2_std_compilers_target_model.rs:1377:33
E0063	src/v2_std_compilers_target_model.rs:1391:33
E0063	src/v2_std_compilers_target_model.rs:1405:33
E0063	src/v2_std_compilers_target_model.rs:1472:309
E0063	src/v2_std_compilers_target_model.rs:1482:45
E0063	src/v2_std_compilers_target_model.rs:1492:49
E0063	src/v2_std_compilers_target_model.rs:1502:53
E0308	src/v2_std_compilers_target_model.rs:2217:43
E0308	src/v2_std_compilers_target_model.rs:2464:15
E0282	src/v2_std_compilers_target_model.rs:2727:94
E0308	src/v2_std_compilers_target_model.rs:2727:62
E0614	src/v2_std_compilers_target_model.rs:2727:11
E0277	src/v2_std_compilers_target_model.rs:5977:5
E0369	src/v2_std_compilers_target_model.rs:5977:5
E0277	src/v2_std_compilers_target_model.rs:5974:35
E0277	src/v2_std_compilers_target_model.rs:5977:23
E0277	src/v2_std_compilers_target_model.rs:5977:23
E0277	src/v2_std_compilers_target_model.rs:5974:53
E0277	src/v2_std_compilers_target_model.rs:6008:5
E0369	src/v2_std_compilers_target_model.rs:6008:5
E0277	src/v2_std_compilers_target_model.rs:6004:35
E0277	src/v2_std_compilers_target_model.rs:6008:23
E0277	src/v2_std_compilers_target_model.rs:6008:23
E0277	src/v2_std_compilers_target_model.rs:6004:53
E0308	src/v2_std_compilers_target_model.rs:6041:5
E0599	src/v2_std_compilers_target_model.rs:6153:67
E0308	src/v2_std_compilers_target_model.rs:6168:103
E0308	src/v2_std_compilers_target_model.rs:6168:82
E0308	src/v2_std_compilers_target_model.rs:6183:21
E0308	src/v2_std_compilers_target_model.rs:6227:61
E0308	src/v2_std_compilers_target_model.rs:6252:47
E0308	src/v2_std_compilers_target_model.rs:7082:90
E0308	src/v2_compiler_target_carriers.rs:105:64
E0609	src/v2_std_grammar.rs:124:82
E0609	src/v2_std_grammar.rs:125:104
E0609	src/v2_std_grammar.rs:134:102
E0609	src/v2_std_grammar.rs:142:33
E0308	src/v2_std_grammar.rs:1285:29
E0308	src/v2_std_grammar.rs:1363:29
E0308	src/v2_std_grammar.rs:1365:12
E0308	src/v2_std_grammar.rs:1364:21
E0560	src/v2_std_language_model.rs:45:5
E0308	src/v2_std_language_model.rs:44:13
E0560	src/v2_extdeps_languages_dag.rs:1219:5
E0308	src/v2_extdeps_languages_dag.rs:1218:13
E0560	src/v2_extdeps_languages_dag.rs:1225:5
E0308	src/v2_extdeps_languages_dag.rs:1224:13
E0560	src/v2_extdeps_languages_dag.rs:1235:5
E0609	src/v2_extdeps_languages_dag.rs:1235:80
E0308	src/v2_extdeps_languages_dag.rs:1234:13
E0308	src/v2_extdeps_languages_dag.rs:1878:20
E0308	src/v2_extdeps_languages_dag.rs:2190:5
E0308	src/v2_extdeps_languages_dag.rs:2199:5
E0308	src/v2_extdeps_languages_dag.rs:2203:54
E0308	src/v2_extdeps_languages_dag.rs:3055:56
E0308	src/v2_extdeps_languages_dag.rs:3100:56
E0308	src/v2_extdeps_languages_dag.rs:3145:56
E0560	src/v2_extdeps_runtimes_v2_evaluator.rs:161:5
E0308	src/v2_extdeps_runtimes_v2_evaluator.rs:160:13
E0308	src/v2_extdeps_runtimes_v2_evaluator.rs:332:5
E0308	src/v2_compiler_body_lowering_fold.rs:2355:86
E0308	src/v2_compiler_body_lowering_fold.rs:3020:13
E0560	src/v2_compiler_resolve.rs:146:5
E0308	src/v2_compiler_resolve.rs:145:13
E0609	src/v2_compiler_resolve.rs:377:42
E0560	src/v2_compiler_infer.rs:165:5
E0308	src/v2_compiler_infer.rs:164:20
E0308	src/v2_compiler_infer.rs:378:63
E0560	src/v2_compiler_infer.rs:514:5
E0308	src/v2_compiler_infer.rs:513:20
E0308	src/v2_compiler_infer.rs:522:27
E0369	src/v2_compiler_eval.rs:276:36
E0369	src/v2_compiler_eval.rs:575:123
E0560	src/v2_compiler_eval.rs:643:5
E0308	src/v2_compiler_eval.rs:642:13
E0308	src/v2_compiler_eval.rs:662:27
E0308	src/v2_compiler_eval.rs:734:56
E0308	src/v2_compiler_eval.rs:742:17
E0308	src/v2_compiler_eval.rs:752:17
E0308	src/v2_compiler_eval.rs:761:17
E0308	src/v2_compiler_eval.rs:850:121
E0308	src/v2_compiler_eval.rs:1192:83
E0308	src/v2_compiler_eval.rs:1193:87
E0308	src/v2_compiler_eval.rs:1194:84
E0308	src/v2_compiler_eval.rs:1195:82
E0308	src/v2_compiler_eval.rs:1196:82
E0308	src/v2_compiler_eval.rs:1197:83
E0308	src/v2_compiler_eval.rs:1444:67
E0071	src/v2_compiler_translate.rs:1666:12
E0071	src/v2_compiler_translate.rs:1681:12
E0609	src/v2_compiler_translate.rs:1696:16
E0609	src/v2_compiler_translate.rs:1925:185
E0609	src/v2_compiler_translate.rs:1925:211
E0071	src/v2_compiler_translate.rs:1926:12
E0609	src/v2_compiler_translate.rs:1927:24
E0609	src/v2_compiler_translate.rs:1928:38
E0609	src/v2_compiler_translate.rs:1928:81
E0609	src/v2_compiler_translate.rs:1930:23
E0308	src/v2_compiler_emit_module.rs:33:92
E0308	src/v2_compiler_emit_module.rs:33:146
E0308	src/v2_compiler_emit_module.rs:33:5
E0308	src/v2_compiler_emit_module.rs:42:12
E0308	src/v2_compiler_emit_module.rs:67:106
E0308	src/v2_compiler_emit_module.rs:67:160
E0308	src/v2_compiler_emit_module.rs:67:5
E0308	src/v2_compiler_emit_module.rs:72:12
E0277	src/v2_compiler_emit_host.rs:199:202
E0277	src/v2_compiler_emit_host.rs:199:202
E0277	src/v2_compiler_emit_host.rs:199:180
E0277	src/v2_compiler_emit_host.rs:199:63
E0308	src/v2_compiler_emit_host.rs:260:37
E0308	src/v2_compiler_emit_host.rs:281:21
E0425	src/v2_compiler_emit_host.rs:337:13
E0425	src/v2_compiler_emit_host.rs:339:13
E0308	src/v2_compiler_emit_host.rs:351:21
E0308	src/v2_compiler_emit_host.rs:355:70
E0308	src/v2_compiler_emit_host.rs:358:65
E0308	src/v2_compiler_emit_host.rs:424:32
E0004	src/v2_std_integer.rs:718:84
E0004	src/v2_std_integer.rs:720:84
E0004	src/v2_std_integer_value_set.rs:106:77
E0004	src/v2_std_integer_value_set.rs:110:58
E0004	src/v2_std_integer_value_set.rs:129:75
E0004	src/v2_std_integer_value_set.rs:178:84
E0004	src/v2_std_integer_value_set.rs:180:84
E0004	src/v2_std_refinement_widening_predicate.rs:78:83
E0004	src/v2_std_refinement_widening_predicate.rs:80:86
E0004	src/v2_std_refinement_widening_predicate.rs:92:83
E0004	src/v2_std_refinement_widening_predicate.rs:94:86
E0004	src/v2_std_refinement_widening_predicate.rs:106:81
E0004	src/v2_std_refinement_widening_predicate.rs:108:84
E0004	src/v2_std_refinement_widening_predicate.rs:110:87
E0004	src/v2_std_compilers_target_model.rs:5626:54
E0004	src/v2_std_compilers_target_model.rs:5648:19
E0004	src/v2_std_compilers_target_model.rs:5709:54
E0004	src/v2_std_compilers_target_model.rs:7865:19
E0004	src/v2_std_grammar.rs:1781:49
E0004	src/v2_std_grammar.rs:1818:49
E0004	src/v2_std_grammar.rs:1868:49
E0004	src/v2_std_host_run.rs:58:11
E0004	src/v2_extdeps_languages_dag.rs:1896:11
E0310	src/v2_std_verdict.rs:123:9
E0310	src/v2_std_verdict.rs:123:9
E0004	src/v2_compiler_eval.rs:1039:68
E0004	src/v2_compiler_emit_host.rs:387:11
