file	line	col	expected	found	pair_signature	root	reason	entry
src/std_cache_interface.rs	638	12	Option<String>	None	expected `Option<String>`, found `None`	R2	optional_surface_fork	03_ingest
src/std_cache_interface.rs	652	22	Rc<Measure<(), (), i64>>	Rc<Measure<(), (), Rc<i64>>>	expected `Rc<Measure<(), (), i64>>`, found `Rc<Measure<(), (), Rc<i64>>>`	R1	rc_wrap_at_type_argument_depth	03_ingest
src/std_cache_interface.rs	667	23	Rc<Measure<(), (), i64>>	Rc<Measure<(), (), Rc<i64>>>	expected `Rc<Measure<(), (), i64>>`, found `Rc<Measure<(), (), Rc<i64>>>`	R1	rc_wrap_at_type_argument_depth	03_ingest
src/std_cache_interface.rs	695	5	String	Option<String>	expected `String`, found `Option<String>`	R2	optional_surface_fork	03_ingest
src/std_cache_interface.rs	699	5	String	Option<String>	expected `String`, found `Option<String>`	R2	optional_surface_fork	03_ingest
src/std_cache_interface.rs	703	5	Rc<CacheInterfaceFacts>	Option<Rc<CacheInterfaceFacts>>	expected `Rc<CacheInterfaceFacts>`, found `Option<Rc<CacheInterfaceFacts>>`	R2	optional_surface_fork	03_ingest
src/std_checked_arithmetic.rs	305	12	Rc<i64>	i64	expected `Rc<i64>`, found `i64`	R1	rc_wrap_only	03_ingest
src/std_measure.rs	488	18	Rc<i64>	i64	expected `Rc<i64>`, found `i64`	R1	rc_wrap_only	03_ingest
src/std_realization_measurement.rs	96	11	Rc<Measure<(), S, Rc<i64>>>	Rc<Measure<(), S, i64>>	expected `Rc<Measure<(), S, Rc<i64>>>`, found `Rc<Measure<(), S, i64>>`	R1	rc_wrap_at_type_argument_depth	03_ingest
src/std_realization_reconcile.rs	85	65	A	&A	expected `A`, found `&A`	A-clone	generic_param_clone_bound_absent	03_ingest
src/std_realization_schedule.rs	64	11	Rc<Measure<(), S, Rc<i64>>>	Rc<Measure<(), _, i64>>	expected `Rc<Measure<(), S, Rc<i64>>>`, found `Rc<Measure<(), _, i64>>`	RESIDUE	unclassified_pair: Rc<Measure<(), S, Rc<i64>>> | Rc<Measure<(), _, i64>>	03_ingest
src/std_realization_schedule.rs	74	11	Rc<Measure<(), S, Rc<i64>>>	Rc<Measure<(), S, i64>>	expected `Rc<Measure<(), S, Rc<i64>>>`, found `Rc<Measure<(), S, i64>>`	R1	rc_wrap_at_type_argument_depth	03_ingest
src/std_realization_schedule.rs	83	19	Rc<Measure<_, _, i64>>	Rc<Measure<(), S, Rc<i64>>>	expected `Rc<Measure<_, _, i64>>`, found `Rc<Measure<(), S, Rc<i64>>>`	RESIDUE	unclassified_pair: Rc<Measure<_, _, i64>> | Rc<Measure<(), S, Rc<i64>>>	03_ingest
src/std_state_durability.rs	152	65	StateDurabilityBoundary	Vector<Rc<StateDurabilityBoundary>>	expected `StateDurabilityBoundary`, found `Vector<Rc<StateDurabilityBoundary>>`	T3	collection_carrier_fork	03_ingest
src/std_state_durability.rs	163	70	Rc<StateDurabilityBoundary>	Rc<Vector<Rc<StateDurabilityBoundary>>>	expected `Rc<StateDurabilityBoundary>`, found `Rc<Vector<Rc<StateDurabilityBoundary>>>`	T3	collection_carrier_fork	03_ingest
src/std_state_durability.rs	291	152	StateDefinitionCallerAssertion	Vector<Rc<...>>	expected `StateDefinitionCallerAssertion`, found `Vector<Rc<...>>`	T3	collection_carrier_fork	03_ingest
src/std_state_durability.rs	636	59	StateDurabilityBoundary	Vector<Rc<StateDurabilityBoundary>>	expected `StateDurabilityBoundary`, found `Vector<Rc<StateDurabilityBoundary>>`	T3	collection_carrier_fork	03_ingest
src/std_state_durability.rs	878	59	Rc<StateDurabilityEvidence<Target, ...>>	Rc<Vector<Rc<...>>>	expected `Rc<StateDurabilityEvidence<Target, ...>>`, found `Rc<Vector<Rc<...>>>`	T3	collection_carrier_fork	03_ingest
src/v2_compiler_body_lowering_fold.rs	2348	86	OccurrenceId	Rc<NodeOccurrenceId>	expected `OccurrenceId`, found `Rc<NodeOccurrenceId>`	R5	occurrence_identity_carrier_fork	03_ingest
src/v2_compiler_body_lowering_fold.rs	3013	13	Rc<Outcome<Option<Rc<Node>>>>	Rc<Outcome<Rc<Node>>>	expected `Rc<Outcome<Option<Rc<Node>>>>`, found `Rc<Outcome<Rc<Node>>>`	R2	optional_surface_fork	03_ingest
src/v2_compiler_compile.rs	283	82	Witness<Rc<Node>>	Witness<Rc<Outcome<Rc<Witness<...>>>>>	expected `Witness<Rc<Node>>`, found `Witness<Rc<Outcome<Rc<Witness<...>>>>>`	W	witness_type_argument	03_ingest
src/v2_compiler_eval.rs	642	13	HashMap<Rc<EnvironmentBindingKey>, ...>	Rc<PartialFunction<_, _>>	expected `HashMap<Rc<EnvironmentBindingKey>, ...>`, found `Rc<PartialFunction<_, _>>`	T3	collection_carrier_fork	03_ingest
src/v2_compiler_eval.rs	662	27	&HashMap<String, _>	&Rc<HashMap<Rc<Node>, Rc<...>>>	expected `&HashMap<String, _>`, found `&Rc<HashMap<Rc<Node>, Rc<...>>>`	RT-builtin	host_builtin_signature_interception	03_ingest
src/v2_compiler_eval.rs	662	41	String	Rc<Node>	expected `String`, found `Rc<Node>`	RT-builtin	host_builtin_signature_interception	03_ingest
src/v2_compiler_eval.rs	734	56	Witness<Rc<Node>>	Witness<Rc<...>>	expected `Witness<Rc<Node>>`, found `Witness<Rc<...>>`	W	witness_type_argument	03_ingest
src/v2_compiler_eval.rs	742	17	Witness<Rc<Node>>	Witness<Rc<...>>	expected `Witness<Rc<Node>>`, found `Witness<Rc<...>>`	W	witness_type_argument	03_ingest
src/v2_compiler_eval.rs	752	17	Witness<Rc<InferredFacts>>	Witness<Rc<...>>	expected `Witness<Rc<InferredFacts>>`, found `Witness<Rc<...>>`	W	witness_type_argument	03_ingest
src/v2_compiler_eval.rs	761	17	Witness<Rc<InferredFacts>>	Witness<Rc<...>>	expected `Witness<Rc<InferredFacts>>`, found `Witness<Rc<...>>`	W	witness_type_argument	03_ingest
src/v2_compiler_eval.rs	850	121	&HashMap<String, _>	&Rc<HashMap<Rc<...>, ...>>	expected `&HashMap<String, _>`, found `&Rc<HashMap<Rc<...>, ...>>`	RT-builtin	host_builtin_signature_interception	03_ingest
src/v2_compiler_eval.rs	850	135	String	Rc<EnvironmentBindingKey>	expected `String`, found `Rc<EnvironmentBindingKey>`	RT-builtin	host_builtin_signature_interception	03_ingest
src/v2_compiler_eval.rs	1190	83	Rc<EvaluationEnvironment>	Rc<InferredTree>	expected `Rc<EvaluationEnvironment>`, found `Rc<InferredTree>`	ARG-ORDER	call_argument_order_diverges_from_declaration	03_ingest
src/v2_compiler_eval.rs	1190	83	Rc<InferredFacts>	Rc<EvaluationEnvironment>	expected `Rc<InferredFacts>`, found `Rc<EvaluationEnvironment>`	ARG-ORDER	call_argument_order_diverges_from_declaration	03_ingest
src/v2_compiler_eval.rs	1190	83	Rc<InferredTree>	Rc<im::Vector<Rc<RuntimeValue>>>	expected `Rc<InferredTree>`, found `Rc<im::Vector<Rc<RuntimeValue>>>`	ARG-ORDER	call_argument_order_diverges_from_declaration	03_ingest
src/v2_compiler_eval.rs	1190	83	Rc<RuntimeBehaviorInterpreter>	Rc<InferredFacts>	expected `Rc<RuntimeBehaviorInterpreter>`, found `Rc<InferredFacts>`	ARG-ORDER	call_argument_order_diverges_from_declaration	03_ingest
src/v2_compiler_eval.rs	1190	83	Rc<im::Vector<Rc<RuntimeValue>>>	Rc<RuntimeBehaviorInterpreter>	expected `Rc<im::Vector<Rc<RuntimeValue>>>`, found `Rc<RuntimeBehaviorInterpreter>`	ARG-ORDER	call_argument_order_diverges_from_declaration	03_ingest
src/v2_compiler_eval.rs	1191	87	(callee param order)	(call-site arg order)	arguments to this function are incorrect: reorder	ARG-ORDER	call_argument_order_diverges_from_declaration	03_ingest
src/v2_compiler_eval.rs	1192	84	(callee param order)	(call-site arg order)	arguments to this function are incorrect: reorder	ARG-ORDER	call_argument_order_diverges_from_declaration	03_ingest
src/v2_compiler_eval.rs	1193	82	(callee param order)	(call-site arg order)	arguments to this function are incorrect: reorder	ARG-ORDER	call_argument_order_diverges_from_declaration	03_ingest
src/v2_compiler_eval.rs	1194	82	(callee param order)	(call-site arg order)	arguments to this function are incorrect: reorder	ARG-ORDER	call_argument_order_diverges_from_declaration	03_ingest
src/v2_compiler_eval.rs	1195	83	(callee param order)	(call-site arg order)	arguments to this function are incorrect: reorder	ARG-ORDER	call_argument_order_diverges_from_declaration	03_ingest
src/v2_compiler_eval.rs	1442	67	(callee param order)	(call-site arg order)	arguments to this function are incorrect: reorder	ARG-ORDER	call_argument_order_diverges_from_declaration	03_ingest
src/v2_compiler_infer.rs	164	20	HashMap<Rc<Node>, Rc<InferredFacts>>	Rc<PartialFunction<_, _>>	expected `HashMap<Rc<Node>, Rc<InferredFacts>>`, found `Rc<PartialFunction<_, _>>`	T3	collection_carrier_fork	03_ingest
src/v2_compiler_infer.rs	378	63	Witness<Rc<TerminationProof>>	Witness<TerminationProof>	expected `Witness<Rc<TerminationProof>>`, found `Witness<TerminationProof>`	R1	rc_wrap_at_type_argument_depth	03_ingest
src/v2_compiler_infer.rs	511	20	HashMap<Rc<Node>, Rc<InferredFacts>>	Rc<PartialFunction<_, _>>	expected `HashMap<Rc<Node>, Rc<InferredFacts>>`, found `Rc<PartialFunction<_, _>>`	T3	collection_carrier_fork	03_ingest
src/v2_compiler_infer.rs	520	27	&HashMap<String, _>	&Rc<HashMap<Rc<Node>, Rc<...>>>	expected `&HashMap<String, _>`, found `&Rc<HashMap<Rc<Node>, Rc<...>>>`	RT-builtin	host_builtin_signature_interception	03_ingest
src/v2_compiler_infer.rs	520	41	String	Rc<Node>	expected `String`, found `Rc<Node>`	RT-builtin	host_builtin_signature_interception	03_ingest
src/v2_compiler_name_resolve.rs	493	5	Rc<AdmitExportsFold>	AdmitExportsFold	expected `Rc<AdmitExportsFold>`, found `AdmitExportsFold`	R1	rc_wrap_only	03_ingest
src/v2_compiler_parse.rs	414	27	&HashMap<String, _>	&Rc<HashMap<Rc<ParsePositionKey>, ...>>	expected `&HashMap<String, _>`, found `&Rc<HashMap<Rc<ParsePositionKey>, ...>>`	RT-builtin	host_builtin_signature_interception	03_ingest
src/v2_compiler_parse.rs	414	41	String	Rc<ParsePositionKey>	expected `String`, found `Rc<ParsePositionKey>`	RT-builtin	host_builtin_signature_interception	03_ingest
src/v2_compiler_parse.rs	571	27	OrdSet<String>	Rc<PointwisePower<_>>	expected `OrdSet<String>`, found `Rc<PointwisePower<_>>`	T3	collection_carrier_fork	03_ingest
src/v2_compiler_parse.rs	1033	13	OrdSet<String>	Rc<PointwisePower<_>>	expected `OrdSet<String>`, found `Rc<PointwisePower<_>>`	T3	collection_carrier_fork	03_ingest
src/v2_compiler_parse.rs	1095	53	OrdSet<String>	Rc<PointwisePower<_>>	expected `OrdSet<String>`, found `Rc<PointwisePower<_>>`	T3	collection_carrier_fork	03_ingest
src/v2_compiler_parse.rs	1675	62	OccurrenceId	Rc<NodeOccurrenceId>	expected `OccurrenceId`, found `Rc<NodeOccurrenceId>`	R5	occurrence_identity_carrier_fork	03_ingest
src/v2_compiler_parse.rs	1684	18	Rc<Vector<Rc<Diagnostic>>>	Rc<NonEmptyDiagnostics>	expected `Rc<Vector<Rc<Diagnostic>>>`, found `Rc<NonEmptyDiagnostics>`	DIAG	diagnostic_carrier_fork	03_ingest
src/v2_compiler_resolve.rs	145	13	OrdSet<String>	Rc<PointwisePower<_>>	expected `OrdSet<String>`, found `Rc<PointwisePower<_>>`	T3	collection_carrier_fork	03_ingest
src/v2_compiler_source_authority.rs	696	97	Rc<Diagnostic>	Rc<NonEmptyDiagnostics>	expected `Rc<Diagnostic>`, found `Rc<NonEmptyDiagnostics>`	DIAG	diagnostic_carrier_fork	03_ingest
src/v2_compiler_source_authority.rs	697	95	Rc<Diagnostic>	Rc<NonEmptyDiagnostics>	expected `Rc<Diagnostic>`, found `Rc<NonEmptyDiagnostics>`	DIAG	diagnostic_carrier_fork	03_ingest
src/v2_compiler_source_authority.rs	730	13	Rc<SourceRefReadResult>	SourceRefReadResult	expected `Rc<SourceRefReadResult>`, found `SourceRefReadResult`	R1	rc_wrap_only	03_ingest
src/v2_compiler_source_authority.rs	749	50	Rc<Diagnostic>	Rc<NonEmptyDiagnostics>	expected `Rc<Diagnostic>`, found `Rc<NonEmptyDiagnostics>`	DIAG	diagnostic_carrier_fork	03_ingest
src/v2_compiler_source_authority.rs	1329	8	Rc<Node>	Rc<NormalizedTree>	expected `Rc<Node>`, found `Rc<NormalizedTree>`	RESIDUE	unclassified_pair: Rc<Node> | Rc<NormalizedTree>	03_ingest
src/v2_compiler_source_authority.rs	1329	36	Rc<Node>	Rc<NormalizedTree>	expected `Rc<Node>`, found `Rc<NormalizedTree>`	RESIDUE	unclassified_pair: Rc<Node> | Rc<NormalizedTree>	03_ingest
src/v2_compiler_target_carriers.rs	105	64	Option<Rc<Node>>	Rc<Node>	expected `Option<Rc<Node>>`, found `Rc<Node>`	R2	optional_surface_fork	03_ingest
src/v2_compiler_tokenize.rs	134	33	Rc<Nat>	i64	expected `Rc<Nat>`, found `i64`	B3	modeled_numeric_vs_native	03_ingest
src/v2_compiler_tokenize.rs	134	41	Rc<Nat>	integer	expected `Rc<Nat>`, found `integer`	B3	modeled_numeric_vs_native	03_ingest
src/v2_compiler_tokenize.rs	134	59	Rc<Nat>	i64	expected `Rc<Nat>`, found `i64`	B3	modeled_numeric_vs_native	03_ingest
src/v2_compiler_tokenize.rs	134	67	Rc<Nat>	integer	expected `Rc<Nat>`, found `integer`	B3	modeled_numeric_vs_native	03_ingest
src/v2_compiler_tokenize.rs	135	38	Rc<Nat>	i64	expected `Rc<Nat>`, found `i64`	B3	modeled_numeric_vs_native	03_ingest
src/v2_compiler_tokenize.rs	135	46	Rc<Nat>	integer	expected `Rc<Nat>`, found `integer`	B3	modeled_numeric_vs_native	03_ingest
src/v2_compiler_tokenize.rs	135	64	Rc<Nat>	i64	expected `Rc<Nat>`, found `i64`	B3	modeled_numeric_vs_native	03_ingest
src/v2_compiler_tokenize.rs	135	72	Rc<Nat>	integer	expected `Rc<Nat>`, found `integer`	B3	modeled_numeric_vs_native	03_ingest
src/v2_compiler_tokenize.rs	135	92	Rc<Nat>	i64	expected `Rc<Nat>`, found `i64`	B3	modeled_numeric_vs_native	03_ingest
src/v2_compiler_tokenize.rs	135	100	Rc<Nat>	integer	expected `Rc<Nat>`, found `integer`	B3	modeled_numeric_vs_native	03_ingest
src/v2_compiler_tokenize.rs	135	118	Rc<Nat>	i64	expected `Rc<Nat>`, found `i64`	B3	modeled_numeric_vs_native	03_ingest
src/v2_compiler_tokenize.rs	135	126	Rc<Nat>	integer	expected `Rc<Nat>`, found `integer`	B3	modeled_numeric_vs_native	03_ingest
src/v2_compiler_tokenize.rs	135	147	Rc<Nat>	i64	expected `Rc<Nat>`, found `i64`	B3	modeled_numeric_vs_native	03_ingest
src/v2_compiler_tokenize.rs	135	155	Rc<Nat>	integer	expected `Rc<Nat>`, found `integer`	B3	modeled_numeric_vs_native	03_ingest
src/v2_compiler_tokenize.rs	135	173	Rc<Nat>	i64	expected `Rc<Nat>`, found `i64`	B3	modeled_numeric_vs_native	03_ingest
src/v2_compiler_tokenize.rs	135	181	Rc<Nat>	integer	expected `Rc<Nat>`, found `integer`	B3	modeled_numeric_vs_native	03_ingest
src/v2_compiler_tokenize.rs	136	40	Rc<Nat>	i64	expected `Rc<Nat>`, found `i64`	B3	modeled_numeric_vs_native	03_ingest
src/v2_compiler_tokenize.rs	136	48	Rc<Nat>	integer	expected `Rc<Nat>`, found `integer`	B3	modeled_numeric_vs_native	03_ingest
src/v2_compiler_tokenize.rs	136	66	Rc<Nat>	i64	expected `Rc<Nat>`, found `i64`	B3	modeled_numeric_vs_native	03_ingest
src/v2_compiler_tokenize.rs	136	74	Rc<Nat>	integer	expected `Rc<Nat>`, found `integer`	B3	modeled_numeric_vs_native	03_ingest
src/v2_compiler_tokenize.rs	136	94	Rc<Nat>	i64	expected `Rc<Nat>`, found `i64`	B3	modeled_numeric_vs_native	03_ingest
src/v2_compiler_tokenize.rs	136	102	Rc<Nat>	integer	expected `Rc<Nat>`, found `integer`	B3	modeled_numeric_vs_native	03_ingest
src/v2_compiler_tokenize.rs	136	120	Rc<Nat>	i64	expected `Rc<Nat>`, found `i64`	B3	modeled_numeric_vs_native	03_ingest
src/v2_compiler_tokenize.rs	136	128	Rc<Nat>	integer	expected `Rc<Nat>`, found `integer`	B3	modeled_numeric_vs_native	03_ingest
src/v2_compiler_tokenize.rs	137	44	Rc<Nat>	i64	expected `Rc<Nat>`, found `i64`	B3	modeled_numeric_vs_native	03_ingest
src/v2_compiler_tokenize.rs	137	52	Rc<Nat>	integer	expected `Rc<Nat>`, found `integer`	B3	modeled_numeric_vs_native	03_ingest
src/v2_compiler_tokenize.rs	137	70	Rc<Nat>	i64	expected `Rc<Nat>`, found `i64`	B3	modeled_numeric_vs_native	03_ingest
src/v2_compiler_tokenize.rs	137	78	Rc<Nat>	integer	expected `Rc<Nat>`, found `integer`	B3	modeled_numeric_vs_native	03_ingest
src/v2_compiler_tokenize.rs	137	98	Rc<Nat>	i64	expected `Rc<Nat>`, found `i64`	B3	modeled_numeric_vs_native	03_ingest
src/v2_compiler_tokenize.rs	137	106	Rc<Nat>	integer	expected `Rc<Nat>`, found `integer`	B3	modeled_numeric_vs_native	03_ingest
src/v2_compiler_tokenize.rs	137	124	Rc<Nat>	i64	expected `Rc<Nat>`, found `i64`	B3	modeled_numeric_vs_native	03_ingest
src/v2_compiler_tokenize.rs	137	132	Rc<Nat>	integer	expected `Rc<Nat>`, found `integer`	B3	modeled_numeric_vs_native	03_ingest
src/v2_compiler_tokenize.rs	137	176	Rc<Nat>	i64	expected `Rc<Nat>`, found `i64`	B3	modeled_numeric_vs_native	03_ingest
src/v2_compiler_tokenize.rs	137	184	Rc<Nat>	integer	expected `Rc<Nat>`, found `integer`	B3	modeled_numeric_vs_native	03_ingest
src/v2_compiler_tokenize.rs	137	202	Rc<Nat>	i64	expected `Rc<Nat>`, found `i64`	B3	modeled_numeric_vs_native	03_ingest
src/v2_compiler_tokenize.rs	137	210	Rc<Nat>	integer	expected `Rc<Nat>`, found `integer`	B3	modeled_numeric_vs_native	03_ingest
src/v2_compiler_tokenize.rs	145	15	Rc<Vector<_>>	String	expected `Rc<Vector<_>>`, found `String`	T2	text_carrier_vs_string	03_ingest
src/v2_compiler_tokenize.rs	146	11	Rc<Vector<i64>>	String	expected `Rc<Vector<i64>>`, found `String`	T2	text_carrier_vs_string	03_ingest
src/v2_compiler_tokenize.rs	157	16	String	Rc<Vector<i64>>	expected `String`, found `Rc<Vector<i64>>`	T2	text_carrier_vs_string	03_ingest
src/v2_compiler_tokenize.rs	198	16	String	Rc<Vector<i64>>	expected `String`, found `Rc<Vector<i64>>`	T2	text_carrier_vs_string	03_ingest
src/v2_compiler_tokenize.rs	199	13	String	Rc<Vector<i64>>	expected `String`, found `Rc<Vector<i64>>`	T2	text_carrier_vs_string	03_ingest
src/v2_compiler_tokenize.rs	228	13	Rc<Vector<_>>	String	expected `Rc<Vector<_>>`, found `String`	T2	text_carrier_vs_string	03_ingest
src/v2_compiler_tokenize.rs	228	13	String	Rc<Vector<_>>	expected `String`, found `Rc<Vector<_>>`	T2	text_carrier_vs_string	03_ingest
src/v2_compiler_tokenize.rs	228	25	Rc<Vector<_>>	String	expected `Rc<Vector<_>>`, found `String`	T2	text_carrier_vs_string	03_ingest
src/v2_compiler_tokenize.rs	251	13	Rc<Vector<_>>	String	expected `Rc<Vector<_>>`, found `String`	T2	text_carrier_vs_string	03_ingest
src/v2_compiler_tokenize.rs	251	13	String	Rc<Vector<_>>	expected `String`, found `Rc<Vector<_>>`	T2	text_carrier_vs_string	03_ingest
src/v2_compiler_tokenize.rs	251	25	Rc<Vector<_>>	String	expected `Rc<Vector<_>>`, found `String`	T2	text_carrier_vs_string	03_ingest
src/v2_compiler_tokenize.rs	272	13	Rc<Vector<_>>	String	expected `Rc<Vector<_>>`, found `String`	T2	text_carrier_vs_string	03_ingest
src/v2_compiler_tokenize.rs	272	13	String	Rc<Vector<_>>	expected `String`, found `Rc<Vector<_>>`	T2	text_carrier_vs_string	03_ingest
src/v2_compiler_tokenize.rs	272	25	Rc<Vector<_>>	String	expected `Rc<Vector<_>>`, found `String`	T2	text_carrier_vs_string	03_ingest
src/v2_compiler_tokenize.rs	297	13	String	Rc<Vector<_>>	expected `String`, found `Rc<Vector<_>>`	T2	text_carrier_vs_string	03_ingest
src/v2_compiler_tokenize.rs	340	13	Rc<Vector<_>>	String	expected `Rc<Vector<_>>`, found `String`	T2	text_carrier_vs_string	03_ingest
src/v2_compiler_tokenize.rs	340	13	String	Rc<Vector<_>>	expected `String`, found `Rc<Vector<_>>`	T2	text_carrier_vs_string	03_ingest
src/v2_compiler_tokenize.rs	340	25	Rc<Vector<_>>	String	expected `Rc<Vector<_>>`, found `String`	T2	text_carrier_vs_string	03_ingest
src/v2_compiler_tokenize.rs	362	13	String	Rc<Vector<_>>	expected `String`, found `Rc<Vector<_>>`	T2	text_carrier_vs_string	03_ingest
src/v2_compiler_tokenize.rs	370	13	String	Rc<Vector<_>>	expected `String`, found `Rc<Vector<_>>`	T2	text_carrier_vs_string	03_ingest
src/v2_compiler_tokenize.rs	465	57	Rc<Vector<_>>	String	expected `Rc<Vector<_>>`, found `String`	T2	text_carrier_vs_string	03_ingest
src/v2_compiler_tokenize.rs	466	58	Rc<Vector<_>>	String	expected `Rc<Vector<_>>`, found `String`	T2	text_carrier_vs_string	03_ingest
src/v2_compiler_tokenize.rs	467	62	Rc<Vector<_>>	String	expected `Rc<Vector<_>>`, found `String`	T2	text_carrier_vs_string	03_ingest
src/v2_compiler_tokenize.rs	561	99	Rc<Vector<i64>>	String	expected `Rc<Vector<i64>>`, found `String`	T2	text_carrier_vs_string	03_ingest
src/v2_compiler_tokenize.rs	562	36	Rc<Vector<_>>	String	expected `Rc<Vector<_>>`, found `String`	T2	text_carrier_vs_string	03_ingest
src/v2_compiler_tokenize.rs	588	36	Rc<Vector<_>>	String	expected `Rc<Vector<_>>`, found `String`	T2	text_carrier_vs_string	03_ingest
src/v2_compiler_tokenize.rs	591	99	Rc<Vector<i64>>	String	expected `Rc<Vector<i64>>`, found `String`	T2	text_carrier_vs_string	03_ingest
src/v2_compiler_tokenize.rs	592	36	Rc<Vector<_>>	String	expected `Rc<Vector<_>>`, found `String`	T2	text_carrier_vs_string	03_ingest
src/v2_compiler_tokenize.rs	620	36	Rc<Vector<_>>	String	expected `Rc<Vector<_>>`, found `String`	T2	text_carrier_vs_string	03_ingest
src/v2_compiler_tokenize.rs	622	99	Rc<Vector<i64>>	String	expected `Rc<Vector<i64>>`, found `String`	T2	text_carrier_vs_string	03_ingest
src/v2_compiler_tokenize.rs	623	36	Rc<Vector<_>>	String	expected `Rc<Vector<_>>`, found `String`	T2	text_carrier_vs_string	03_ingest
src/v2_compiler_tokenize.rs	685	43	Rc<Vector<_>>	String	expected `Rc<Vector<_>>`, found `String`	T2	text_carrier_vs_string	03_ingest
src/v2_extdeps_languages_dag.rs	1218	13	OrdSet<String>	Rc<PointwisePower<_>>	expected `OrdSet<String>`, found `Rc<PointwisePower<_>>`	T3	collection_carrier_fork	03_ingest
src/v2_extdeps_languages_dag.rs	1224	13	OrdSet<String>	Rc<PointwisePower<_>>	expected `OrdSet<String>`, found `Rc<PointwisePower<_>>`	T3	collection_carrier_fork	03_ingest
src/v2_extdeps_languages_dag.rs	1234	13	OrdSet<String>	Rc<PointwisePower<_>>	expected `OrdSet<String>`, found `Rc<PointwisePower<_>>`	T3	collection_carrier_fork	03_ingest
src/v2_extdeps_languages_dag.rs	1878	20	Rc<NodeOccurrenceId>	OccurrenceId	expected `Rc<NodeOccurrenceId>`, found `OccurrenceId`	R5	occurrence_identity_carrier_fork	03_ingest
src/v2_extdeps_languages_dag.rs	2190	5	OccurrenceId	Rc<NodeOccurrenceId>	expected `OccurrenceId`, found `Rc<NodeOccurrenceId>`	R5	occurrence_identity_carrier_fork	03_ingest
src/v2_extdeps_languages_dag.rs	2199	5	OccurrenceId	Rc<NodeOccurrenceId>	expected `OccurrenceId`, found `Rc<NodeOccurrenceId>`	R5	occurrence_identity_carrier_fork	03_ingest
src/v2_extdeps_languages_dag.rs	2203	54	OccurrenceId	Rc<NodeOccurrenceId>	expected `OccurrenceId`, found `Rc<NodeOccurrenceId>`	R5	occurrence_identity_carrier_fork	03_ingest
src/v2_extdeps_languages_dag.rs	3055	56	Option<Rc<TargetEmitHostRuntimeRow>>	Rc<TargetEmitHostRuntimeRow>	expected `Option<Rc<TargetEmitHostRuntimeRow>>`, found `Rc<TargetEmitHostRuntimeRow>`	R2	optional_surface_fork	03_ingest
src/v2_extdeps_languages_dag.rs	3100	56	Option<Rc<TargetEmitHostRuntimeRow>>	Rc<TargetEmitHostRuntimeRow>	expected `Option<Rc<TargetEmitHostRuntimeRow>>`, found `Rc<TargetEmitHostRuntimeRow>`	R2	optional_surface_fork	03_ingest
src/v2_extdeps_languages_dag.rs	3145	56	Option<Rc<TargetEmitHostRuntimeRow>>	Rc<TargetEmitHostRuntimeRow>	expected `Option<Rc<TargetEmitHostRuntimeRow>>`, found `Rc<TargetEmitHostRuntimeRow>`	R2	optional_surface_fork	03_ingest
src/v2_extdeps_languages_fidelity.rs	27	79	Feature	&Feature	expected `Feature`, found `&Feature`	A-clone	generic_param_clone_bound_absent	03_ingest
src/v2_extdeps_languages_llvm_ir.rs	1134	13	HashMap<String, Rc<Node>>	Rc<PartialFunction<_, _>>	expected `HashMap<String, Rc<Node>>`, found `Rc<PartialFunction<_, _>>`	T3	collection_carrier_fork	03_ingest
src/v2_extdeps_languages_llvm_ir.rs	1179	13	HashMap<String, Rc<Node>>	Rc<PartialFunction<_, _>>	expected `HashMap<String, Rc<Node>>`, found `Rc<PartialFunction<_, _>>`	T3	collection_carrier_fork	03_ingest
src/v2_extdeps_runtimes_v2_effect_io_pure.rs	118	23	HashMap<Rc<EnvironmentBindingKey>, ...>	Rc<PartialFunction<_, _>>	expected `HashMap<Rc<EnvironmentBindingKey>, ...>`, found `Rc<PartialFunction<_, _>>`	T3	collection_carrier_fork	03_ingest
src/v2_extdeps_runtimes_v2_evaluator.rs	160	13	HashMap<Rc<EnvironmentBindingKey>, ...>	Rc<PartialFunction<_, _>>	expected `HashMap<Rc<EnvironmentBindingKey>, ...>`, found `Rc<PartialFunction<_, _>>`	T3	collection_carrier_fork	03_ingest
src/v2_extdeps_runtimes_v2_evaluator.rs	332	5	Rc<Edge>	Edge	expected `Rc<Edge>`, found `Edge`	R1	rc_wrap_only	03_ingest
src/v2_lens_complexity_accumulator_copy.rs	191	11	SymbolicCost	Rc<SymbolicCost>	expected `SymbolicCost`, found `Rc<SymbolicCost>`	R1	rc_wrap_only	03_ingest
src/v2_lens_complexity_accumulator_copy_analyze.rs	125	116	Rc<Edge>	Edge	expected `Rc<Edge>`, found `Edge`	R1	rc_wrap_only	03_ingest
src/v2_lens_complexity_accumulator_copy_analyze.rs	341	194	Rc<LetBinding>	LetBinding	expected `Rc<LetBinding>`, found `LetBinding`	R1	rc_wrap_only	03_ingest
src/v2_lens_complexity_accumulator_copy_analyze.rs	479	72	Rc<Vector<Rc<PortReading>>>	Rc<Vector<PortReading>>	expected `Rc<Vector<Rc<PortReading>>>`, found `Rc<Vector<PortReading>>`	R1	rc_wrap_at_type_argument_depth	03_ingest
src/v2_lens_complexity_accumulator_copy_analyze.rs	485	80	Vector<PortReading>	Vector<Rc<PortReading>>	expected `Vector<PortReading>`, found `Vector<Rc<PortReading>>`	R1	rc_wrap_at_type_argument_depth	03_ingest
src/v2_lens_complexity_accumulator_copy_analyze.rs	696	15	Rc<Vector<Finding>>	Rc<Vector<Rc<Finding>>>	expected `Rc<Vector<Finding>>`, found `Rc<Vector<Rc<Finding>>>`	R1	rc_wrap_at_type_argument_depth	03_ingest
src/v2_lens_complexity_lowering.rs	48	13	Vector<()>	Vector<Rc<ComplexityLowering>>	expected `Vector<()>`, found `Vector<Rc<ComplexityLowering>>`	T3	collection_carrier_fork	03_ingest
src/v2_lens_complexity_lowering.rs	60	104	Rc<ComplexityLowering>	()	expected `Rc<ComplexityLowering>`, found `()`	C	carrier_collapses_to_unit	03_ingest
src/v2_lens_complexity_lowering.rs	68	107	Rc<ComplexityLowering>	()	expected `Rc<ComplexityLowering>`, found `()`	C	carrier_collapses_to_unit	03_ingest
src/v2_lens_cost.rs	137	12	Nat	Rc<Nat>	expected `Nat`, found `Rc<Nat>`	R1	rc_wrap_only	03_ingest
src/v2_lens_cost.rs	312	123	Rc<Nat>	Nat	expected `Rc<Nat>`, found `Nat`	R1	rc_wrap_only	03_ingest
src/v2_lens_cost.rs	315	123	Rc<Nat>	Nat	expected `Rc<Nat>`, found `Nat`	R1	rc_wrap_only	03_ingest
src/v2_lens_cost.rs	556	53	Rc<Nat>	Nat	expected `Rc<Nat>`, found `Nat`	R1	rc_wrap_only	03_ingest
src/v2_lens_cost.rs	556	67	Rc<Nat>	Nat	expected `Rc<Nat>`, found `Nat`	R1	rc_wrap_only	03_ingest
src/v2_lens_cost.rs	689	12	Nat	Rc<Nat>	expected `Nat`, found `Rc<Nat>`	R1	rc_wrap_only	03_ingest
src/v2_lens_cost.rs	708	12	Nat	Rc<Nat>	expected `Nat`, found `Rc<Nat>`	R1	rc_wrap_only	03_ingest
src/v2_lens_coverage.rs	52	21	Coverage<Rc<...>>	CoverageDefectAcceptanceKey	expected `Coverage<Rc<...>>`, found `CoverageDefectAcceptanceKey`	D	alias_arity_generic_argument_count	03_ingest
src/v2_lens_coverage.rs	63	21	Coverage<Rc<...>>	CoverageDefectAcceptanceKey	expected `Coverage<Rc<...>>`, found `CoverageDefectAcceptanceKey`	D	alias_arity_generic_argument_count	03_ingest
src/v2_lens_coverage.rs	74	21	Coverage<Rc<...>>	CoverageDefectAcceptanceKey	expected `Coverage<Rc<...>>`, found `CoverageDefectAcceptanceKey`	D	alias_arity_generic_argument_count	03_ingest
src/v2_lens_coverage.rs	85	21	Coverage<Rc<...>>	CoverageDefectAcceptanceKey	expected `Coverage<Rc<...>>`, found `CoverageDefectAcceptanceKey`	D	alias_arity_generic_argument_count	03_ingest
src/v2_lens_coverage.rs	96	21	Coverage<Rc<...>>	CoverageDefectAcceptanceKey	expected `Coverage<Rc<...>>`, found `CoverageDefectAcceptanceKey`	D	alias_arity_generic_argument_count	03_ingest
src/v2_lens_coverage.rs	107	21	Coverage<Rc<...>>	CoverageDefectAcceptanceKey	expected `Coverage<Rc<...>>`, found `CoverageDefectAcceptanceKey`	D	alias_arity_generic_argument_count	03_ingest
src/v2_lens_coverage.rs	118	21	Coverage<Rc<...>>	CoverageDefectAcceptanceKey	expected `Coverage<Rc<...>>`, found `CoverageDefectAcceptanceKey`	D	alias_arity_generic_argument_count	03_ingest
src/v2_lens_coverage.rs	129	21	Coverage<Rc<...>>	CoverageDefectAcceptanceKey	expected `Coverage<Rc<...>>`, found `CoverageDefectAcceptanceKey`	D	alias_arity_generic_argument_count	03_ingest
src/v2_lens_coverage.rs	140	21	Coverage<Rc<...>>	CoverageDefectAcceptanceKey	expected `Coverage<Rc<...>>`, found `CoverageDefectAcceptanceKey`	D	alias_arity_generic_argument_count	03_ingest
src/v2_lens_coverage.rs	151	21	Coverage<Rc<...>>	CoverageDefectAcceptanceKey	expected `Coverage<Rc<...>>`, found `CoverageDefectAcceptanceKey`	D	alias_arity_generic_argument_count	03_ingest
src/v2_lens_coverage.rs	162	21	Coverage<Rc<...>>	CoverageDefectAcceptanceKey	expected `Coverage<Rc<...>>`, found `CoverageDefectAcceptanceKey`	D	alias_arity_generic_argument_count	03_ingest
src/v2_lens_coverage.rs	173	21	Coverage<Rc<...>>	CoverageDefectAcceptanceKey	expected `Coverage<Rc<...>>`, found `CoverageDefectAcceptanceKey`	D	alias_arity_generic_argument_count	03_ingest
src/v2_lens_coverage.rs	184	21	Coverage<Rc<...>>	CoverageDefectAcceptanceKey	expected `Coverage<Rc<...>>`, found `CoverageDefectAcceptanceKey`	D	alias_arity_generic_argument_count	03_ingest
src/v2_lens_coverage.rs	214	181	()	Rc<Coverage<C>>	expected `()`, found `Rc<Coverage<C>>`	C	carrier_collapses_to_unit	03_ingest
src/v2_lens_determinism.rs	137	35	Rc<Edge>	Rc<std_determinism::Determinism>	expected `Rc<Edge>`, found `Rc<std_determinism::Determinism>`	RESIDUE	unclassified_pair: Rc<Edge> | Rc<std_determinism::Determinism>	03_ingest
src/v2_lens_determinism.rs	137	35	Rc<std_determinism::Determinism>	Rc<Edge>	expected `Rc<std_determinism::Determinism>`, found `Rc<Edge>`	RESIDUE	unclassified_pair: Rc<std_determinism::Determinism> | Rc<Edge>	03_ingest
src/v2_lens_determinism.rs	163	64	Witness<Rc<DeterminismFact>>	Witness<DeterminismFact>	expected `Witness<Rc<DeterminismFact>>`, found `Witness<DeterminismFact>`	R1	rc_wrap_at_type_argument_depth	03_ingest
src/v2_lens_enforcement_standing_intent.rs	215	32	Vector<NarrowingReason>	Vector<Rc<NarrowingReason>>	expected `Vector<NarrowingReason>`, found `Vector<Rc<NarrowingReason>>`	R1	rc_wrap_at_type_argument_depth	03_ingest
src/v2_lens_enforcement_standing_intent.rs	246	32	Vector<NarrowingReason>	Vector<Rc<NarrowingReason>>	expected `Vector<NarrowingReason>`, found `Vector<Rc<NarrowingReason>>`	R1	rc_wrap_at_type_argument_depth	03_ingest
src/v2_lens_machine_shape.rs	190	5	Rc<MachineShapeWalkResult>	MachineShapeWalkResult	expected `Rc<MachineShapeWalkResult>`, found `MachineShapeWalkResult`	R1	rc_wrap_only	03_ingest
src/v2_std_algebra.rs	152	63	T	&T	expected `T`, found `&T`	A-clone	generic_param_clone_bound_absent	03_ingest
src/v2_std_artifact.rs	84	14	Rc<Refined<Rc<Artifact>>>	Refined<Rc<Artifact>>	expected `Rc<Refined<Rc<Artifact>>>`, found `Refined<Rc<Artifact>>`	R1	rc_wrap_only	03_ingest
src/v2_std_cardinality.rs	97	51	Nat	Rc<Nat>	expected `Nat`, found `Rc<Nat>`	R1	rc_wrap_only	03_ingest
src/v2_std_cardinality.rs	581	35	Rc<Edge>	Rc<Witness<Rc<v2_std_cardinality::TerminationProof>>>	expected `Rc<Edge>`, found `Rc<Witness<Rc<v2_std_cardinality::TerminationProof>>>`	W	witness_type_argument	03_ingest
src/v2_std_cardinality.rs	581	35	Rc<Witness<Rc<v2_std_cardinality::TerminationProof>>>	Rc<Edge>	expected `Rc<Witness<Rc<v2_std_cardinality::TerminationProof>>>`, found `Rc<Edge>`	W	witness_type_argument	03_ingest
src/v2_std_collection.rs	93	13	HashMap<K, V>	Rc<PartialFunction<_, _>>	expected `HashMap<K, V>`, found `Rc<PartialFunction<_, _>>`	T3	collection_carrier_fork	03_ingest
src/v2_std_collection.rs	96	28	&HashMap<String, _>	&Rc<HashMap<K, V>>	expected `&HashMap<String, _>`, found `&Rc<HashMap<K, V>>`	RT-builtin	host_builtin_signature_interception	03_ingest
src/v2_std_collection.rs	102	5	&HashMap<String, V>	&Rc<HashMap<K, V>>	expected `&HashMap<String, V>`, found `&Rc<HashMap<K, V>>`	RT-builtin	host_builtin_signature_interception	03_ingest
src/v2_std_collection.rs	102	19	String	K	expected `String`, found `K`	RT-builtin	host_builtin_signature_interception	03_ingest
src/v2_std_compilers_lexing.rs	235	13	Vector<Rc<Token>>	Rc<Vector<Rc<Token>>>	expected `Vector<Rc<Token>>`, found `Rc<Vector<Rc<Token>>>`	R1	rc_wrap_only	03_ingest
src/v2_std_compilers_target_model.rs	500	14	Rc<Vector<_>>	String	expected `Rc<Vector<_>>`, found `String`	T2	text_carrier_vs_string	03_ingest
src/v2_std_compilers_target_model.rs	2220	43	i64	String	expected `i64`, found `String`	B3	modeled_numeric_vs_native	03_ingest
src/v2_std_compilers_target_model.rs	2467	15	String	i64	expected `String`, found `i64`	B3	modeled_numeric_vs_native	03_ingest
src/v2_std_compilers_target_model.rs	2730	62	HashMap<_, _>	Rc<HashMap<_, _>>	expected `HashMap<_, _>`, found `Rc<HashMap<_, _>>`	R1	rc_wrap_only	03_ingest
src/v2_std_compilers_target_model.rs	6056	5	Rc<Rc<PartialFunction<String, Rc<...>>>>	Rc<HashMap<_, _>>	expected `Rc<Rc<PartialFunction<String, Rc<...>>>>`, found `Rc<HashMap<_, _>>`	T3	collection_carrier_fork	03_ingest
src/v2_std_compilers_target_model.rs	6183	82	Rc<Rc<PartialFunction<String, Rc<...>>>>	Rc<HashMap<String, Rc<...>>>	expected `Rc<Rc<PartialFunction<String, Rc<...>>>>`, found `Rc<HashMap<String, Rc<...>>>`	RT-builtin	host_builtin_signature_interception	03_ingest
src/v2_std_compilers_target_model.rs	6183	103	Rc<HashMap<String, Rc<...>>>	Rc<Rc<PartialFunction<String, Rc<...>>>>	expected `Rc<HashMap<String, Rc<...>>>`, found `Rc<Rc<PartialFunction<String, Rc<...>>>>`	RT-builtin	host_builtin_signature_interception	03_ingest
src/v2_std_compilers_target_model.rs	6198	21	&HashMap<String, _>	&Rc<Rc<PartialFunction<String, ...>>>	expected `&HashMap<String, _>`, found `&Rc<Rc<PartialFunction<String, ...>>>`	RT-builtin	host_builtin_signature_interception	03_ingest
src/v2_std_compilers_target_model.rs	6242	218	&HashMap<String, _>	&Rc<Rc<PartialFunction<String, ...>>>	expected `&HashMap<String, _>`, found `&Rc<Rc<PartialFunction<String, ...>>>`	RT-builtin	host_builtin_signature_interception	03_ingest
src/v2_std_compilers_target_model.rs	6267	47	&HashMap<String, _>	&Rc<Rc<PartialFunction<String, ...>>>	expected `&HashMap<String, _>`, found `&Rc<Rc<PartialFunction<String, ...>>>`	RT-builtin	host_builtin_signature_interception	03_ingest
src/v2_std_compilers_target_model.rs	7062	90	TargetUseSiteOwnershipLookup	TargetUseSiteOwnershipCatalogLookup	expected `TargetUseSiteOwnershipLookup`, found `TargetUseSiteOwnershipCatalogLookup`	RESIDUE	unclassified_pair: TargetUseSiteOwnershipLookup | TargetUseSiteOwnershipCatalogLookup	03_ingest
src/v2_std_fold_assembly.rs	258	38	Rc<Outcome<Rc<Vector<Rc<Vector<...>>>>>>	Rc<Outcome<Rc<Vector<Rc<Node>>>>>	expected `Rc<Outcome<Rc<Vector<Rc<Vector<...>>>>>>`, found `Rc<Outcome<Rc<Vector<Rc<Node>>>>>`	T3	collection_carrier_fork	03_ingest
src/v2_std_grammar.rs	1285	29	Rc<DeriveGrammarRelationTokensProgress>	DeriveGrammarRelationTokensProgress	expected `Rc<DeriveGrammarRelationTokensProgress>`, found `DeriveGrammarRelationTokensProgress`	R1	rc_wrap_only	03_ingest
src/v2_std_grammar.rs	1363	29	Rc<DeriveGrammarRelationTokensProgress>	DeriveGrammarRelationTokensProgress	expected `Rc<DeriveGrammarRelationTokensProgress>`, found `DeriveGrammarRelationTokensProgress`	R1	rc_wrap_only	03_ingest
src/v2_std_grammar.rs	1364	21	Witness<Rc<Vector<Rc<Edge>>>>	Witness<()>	expected `Witness<Rc<Vector<Rc<Edge>>>>`, found `Witness<()>`	W	witness_type_argument	03_ingest
src/v2_std_grammar.rs	1365	12	()	Rc<Vector<Rc<Edge>>>	expected `()`, found `Rc<Vector<Rc<Edge>>>`	C	carrier_collapses_to_unit	03_ingest
src/v2_std_integer.rs	1151	5	String	Rc<Vector<i64>>	expected `String`, found `Rc<Vector<i64>>`	T2	text_carrier_vs_string	03_ingest
src/v2_std_integer.rs	1355	26	Rc<Nat>	integer	expected `Rc<Nat>`, found `integer`	B3	modeled_numeric_vs_native	03_ingest
src/v2_std_integer.rs	1358	30	Rc<Nat>	integer	expected `Rc<Nat>`, found `integer`	B3	modeled_numeric_vs_native	03_ingest
src/v2_std_integer.rs	1361	34	Rc<Nat>	integer	expected `Rc<Nat>`, found `integer`	B3	modeled_numeric_vs_native	03_ingest
src/v2_std_integer.rs	1364	38	Rc<Nat>	integer	expected `Rc<Nat>`, found `integer`	B3	modeled_numeric_vs_native	03_ingest
src/v2_std_integer.rs	1367	42	Rc<Nat>	integer	expected `Rc<Nat>`, found `integer`	B3	modeled_numeric_vs_native	03_ingest
src/v2_std_integer.rs	1370	46	Rc<Nat>	integer	expected `Rc<Nat>`, found `integer`	B3	modeled_numeric_vs_native	03_ingest
src/v2_std_integer.rs	1373	50	Rc<Nat>	integer	expected `Rc<Nat>`, found `integer`	B3	modeled_numeric_vs_native	03_ingest
src/v2_std_integer.rs	1376	54	Rc<Nat>	integer	expected `Rc<Nat>`, found `integer`	B3	modeled_numeric_vs_native	03_ingest
src/v2_std_integer.rs	1379	58	Rc<Nat>	integer	expected `Rc<Nat>`, found `integer`	B3	modeled_numeric_vs_native	03_ingest
src/v2_std_integer.rs	1396	30	Rc<Nat>	integer	expected `Rc<Nat>`, found `integer`	B3	modeled_numeric_vs_native	03_ingest
src/v2_std_language_model.rs	44	13	OrdSet<String>	Rc<PointwisePower<_>>	expected `OrdSet<String>`, found `Rc<PointwisePower<_>>`	T3	collection_carrier_fork	03_ingest
src/v2_std_logic.rs	53	5	Bool	True	expected `Bool`, found `True`	B2	bool_carrier_vs_native_or_variant	03_ingest
src/v2_std_logic.rs	54	5	Bool	False	expected `Bool`, found `False`	B2	bool_carrier_vs_native_or_variant	03_ingest
src/v2_std_logic.rs	57	5	Bool	True	expected `Bool`, found `True`	B2	bool_carrier_vs_native_or_variant	03_ingest
src/v2_std_logic.rs	58	5	Bool	False	expected `Bool`, found `False`	B2	bool_carrier_vs_native_or_variant	03_ingest
src/v2_std_logic.rs	61	5	Bool	True	expected `Bool`, found `True`	B2	bool_carrier_vs_native_or_variant	03_ingest
src/v2_std_logic.rs	62	5	Bool	False	expected `Bool`, found `False`	B2	bool_carrier_vs_native_or_variant	03_ingest
src/v2_std_model_core.rs	245	13	HashMap<String, Rc<Node>>	Rc<PartialFunction<_, _>>	expected `HashMap<String, Rc<Node>>`, found `Rc<PartialFunction<_, _>>`	T3	collection_carrier_fork	03_ingest
src/v2_std_node_query.rs	150	104	T	&T	expected `T`, found `&T`	A-clone	generic_param_clone_bound_absent	03_ingest
src/v2_std_passing_candidate_fold.rs	34	83	T	&T	expected `T`, found `&T`	A-clone	generic_param_clone_bound_absent	03_ingest
src/v2_std_provenance.rs	79	27	&HashMap<String, _>	&Rc<HashMap<OccurrenceId, Rc<...>>>	expected `&HashMap<String, _>`, found `&Rc<HashMap<OccurrenceId, Rc<...>>>`	RT-builtin	host_builtin_signature_interception	03_ingest
src/v2_std_provenance.rs	79	27	String	OccurrenceId	expected `String`, found `OccurrenceId`	RT-builtin	host_builtin_signature_interception	03_ingest
src/v2_std_provenance.rs	84	111	&HashMap<String, _>	&Rc<HashMap<OccurrenceId, Rc<...>>>	expected `&HashMap<String, _>`, found `&Rc<HashMap<OccurrenceId, Rc<...>>>`	RT-builtin	host_builtin_signature_interception	03_ingest
src/v2_std_provenance.rs	86	33	&HashMap<String, _>	&Rc<HashMap<OccurrenceId, Rc<...>>>	expected `&HashMap<String, _>`, found `&Rc<HashMap<OccurrenceId, Rc<...>>>`	RT-builtin	host_builtin_signature_interception	03_ingest
src/v2_std_staging.rs	31	53	B	&B	expected `B`, found `&B`	A-clone	generic_param_clone_bound_absent	03_ingest
src/v2_std_text.rs	65	59	i64	Box<i64>	expected `i64`, found `Box<i64>`	B3	modeled_numeric_vs_native	03_ingest
