caller_module	caller_decl	callee	formal_index	formal_label	exempt	call_file	call_start	actual_file	actual_start	actual_end	formal_type	actual_type	why	outcome	cause
v2.std.node	bag_hash_digest	combine_hash	0	a	exempt	src/v2/std/node.dag	50822	src/v2/std/node.dag	50838	50841	Product(Fnv1a64Structural)	Primitive(Hash)	nominal=true container=false kernel=false bg_fa=false bg_af=false lookup_formal=true lookup_actual=true fname=Fnv1a64Structural aname=Hash	WouldDiagnose	
v2.std.node	bag_hash_digest	combine_hash	1	b	exempt	src/v2/std/node.dag	50822	src/v2/std/node.dag	50846	50847	Product(Fnv1a64Structural)	Primitive(Hash)	nominal=true container=false kernel=false bg_fa=false bg_af=false lookup_formal=true lookup_actual=true fname=Fnv1a64Structural aname=Hash	WouldDiagnose	
v2.std.node	content_hash_step	combine_hash	0	a	exempt	src/v2/std/node.dag	52014	src/v2/std/node.dag	52030	52033	Product(Fnv1a64Structural)	Primitive(Hash)	nominal=true container=false kernel=false bg_fa=false bg_af=false lookup_formal=true lookup_actual=true fname=Fnv1a64Structural aname=Hash	WouldDiagnose	
v2.std.node	content_hash_step	combine_hash	1	b	exempt	src/v2/std/node.dag	51993	src/v2/std/node.dag	52090	52095	Product(Fnv1a64Structural)	Primitive(Hash)	nominal=true container=false kernel=false bg_fa=false bg_af=false lookup_formal=true lookup_actual=true fname=Fnv1a64Structural aname=Hash	WouldDiagnose	
v2.std.node	content_hash_of_children	content_hash_step	0	acc	exempt	src/v2/std/node.dag	52707	src/v2/std/node.dag	52730	52733	Primitive(Hash)	Product(Fnv1a64Structural)	nominal=true container=false kernel=false bg_fa=false bg_af=false lookup_formal=true lookup_actual=true fname=Hash aname=Fnv1a64Structural	WouldDiagnose	
v2.compiler.parse	parse_lexeme_digest	combine_hash	0	a	exempt	src/v2/compiler/02_parse.dag	20961	src/v2/compiler/02_parse.dag	20977	20980	Product(Fnv1a64Structural)	Primitive(Hash)	nominal=true container=false kernel=false bg_fa=false bg_af=false lookup_formal=true lookup_actual=true fname=Fnv1a64Structural aname=Hash	WouldDiagnose	
v2.compiler.parse	parse_token_stream_digest	combine_hash	0	a	exempt	src/v2/compiler/02_parse.dag	21305	src/v2/compiler/02_parse.dag	21334	21356	Product(Fnv1a64Structural)	Primitive(Hash)	nominal=true container=false kernel=false bg_fa=false bg_af=false lookup_formal=true lookup_actual=true fname=Fnv1a64Structural aname=Hash	WouldDiagnose	
v2.compiler.parse	parse_token_stream_digest	combine_hash	1	b	exempt	src/v2/compiler/02_parse.dag	21305	src/v2/compiler/02_parse.dag	21389	21411	Product(Fnv1a64Structural)	Primitive(Hash)	nominal=true container=false kernel=false bg_fa=false bg_af=false lookup_formal=true lookup_actual=true fname=Fnv1a64Structural aname=Hash	WouldDiagnose	
v2.compiler.parse	parse_token_stream_digest	combine_hash	1	b	exempt	src/v2/compiler/02_parse.dag	21453	src/v2/compiler/02_parse.dag	21649	21668	Product(Fnv1a64Structural)	Primitive(Hash)	nominal=true container=false kernel=false bg_fa=false bg_af=false lookup_formal=true lookup_actual=true fname=Fnv1a64Structural aname=Hash	WouldDiagnose	
v2.compiler.parse	parse_token_stream_digest	combine_hash	0	a	exempt	src/v2/compiler/02_parse.dag	21237	src/v2/compiler/02_parse.dag	21262	21265	Product(Fnv1a64Structural)	Primitive(Hash)	nominal=true container=false kernel=false bg_fa=false bg_af=false lookup_formal=true lookup_actual=true fname=Fnv1a64Structural aname=Hash	WouldDiagnose	
v2.compiler.parse	parse_table_subject	combine_hash	0	a	exempt	src/v2/compiler/02_parse.dag	23657	src/v2/compiler/02_parse.dag	23678	23679	Product(Fnv1a64Structural)	Primitive(Hash)	nominal=true container=false kernel=false bg_fa=false bg_af=false lookup_formal=true lookup_actual=true fname=Fnv1a64Structural aname=Hash	WouldDiagnose	
v2.compiler.parse	parse_table_subject	combine_hash	1	b	exempt	src/v2/compiler/02_parse.dag	23657	src/v2/compiler/02_parse.dag	23703	23704	Product(Fnv1a64Structural)	Primitive(Hash)	nominal=true container=false kernel=false bg_fa=false bg_af=false lookup_formal=true lookup_actual=true fname=Fnv1a64Structural aname=Hash	WouldDiagnose	
v2.compiler.parse	parse_table_subject	combine_hash	1	b	exempt	src/v2/compiler/02_parse.dag	23733	src/v2/compiler/02_parse.dag	23814	23836	Product(Fnv1a64Structural)	Primitive(Hash)	nominal=true container=false kernel=false bg_fa=false bg_af=false lookup_formal=true lookup_actual=true fname=Fnv1a64Structural aname=Hash	WouldDiagnose	
v2.compiler.normalize	normalize	normalize_node	0	n	exempt	src/v2/compiler/03_normalize.dag	6581	src/v2/compiler/03_normalize.dag	6599	6609	Product(Node)	Primitive(ParseTree)	nominal=true container=false kernel=false bg_fa=false bg_af=false lookup_formal=true lookup_actual=true fname=Node aname=ParseTree	WouldDiagnose	
v2.compiler.infer	infer_entries_for_tree	partial_bounded_lattice_instances_in_tree	0	tree	exempt	src/v2/compiler/04_infer.dag	70831	src/v2/compiler/04_infer.dag	70879	70883	Product(Node)	Primitive(ResolvedTree)	nominal=true container=false kernel=false bg_fa=false bg_af=false lookup_formal=true lookup_actual=true fname=Node aname=ResolvedTree	WouldDiagnose	
v2.compiler.infer	infer_entries_for_tree	infer_gather_fold_algebra	1	tree	exempt	src/v2/compiler/04_infer.dag	70953	src/v2/compiler/04_infer.dag	71005	71009	Product(Node)	Primitive(ResolvedTree)	nominal=true container=false kernel=false bg_fa=false bg_af=false lookup_formal=true lookup_actual=true fname=Node aname=ResolvedTree	WouldDiagnose	
v2.compiler.infer	infer_entries_for_tree	fold_node	0	n	exempt	src/v2/compiler/04_infer.dag	70925	src/v2/compiler/04_infer.dag	70938	70942	Product(Node)	Primitive(ResolvedTree)	nominal=true container=false kernel=false bg_fa=false bg_af=false lookup_formal=true lookup_actual=true fname=Node aname=ResolvedTree	WouldDiagnose	
v2.compiler.eval	interpretation_structure_witness_slots_digest	combine_hash	0	a	exempt	src/v2/compiler/05_eval.dag	7520	src/v2/compiler/05_eval.dag	7547	7571	Product(Fnv1a64Structural)	Primitive(Hash)	nominal=true container=false kernel=false bg_fa=false bg_af=false lookup_formal=true lookup_actual=true fname=Fnv1a64Structural aname=Hash	WouldDiagnose	
v2.compiler.eval	interpretation_structure_witness_slots_digest	combine_hash	1	b	exempt	src/v2/compiler/05_eval.dag	7520	src/v2/compiler/05_eval.dag	7611	7635	Product(Fnv1a64Structural)	Primitive(Hash)	nominal=true container=false kernel=false bg_fa=false bg_af=false lookup_formal=true lookup_actual=true fname=Fnv1a64Structural aname=Hash	WouldDiagnose	
v2.compiler.eval	interpretation_structure_witness_slots_digest	combine_hash	1	b	exempt	src/v2/compiler/05_eval.dag	7495	src/v2/compiler/05_eval.dag	7681	7705	Product(Fnv1a64Structural)	Primitive(Hash)	nominal=true container=false kernel=false bg_fa=false bg_af=false lookup_formal=true lookup_actual=true fname=Fnv1a64Structural aname=Hash	WouldDiagnose	
v2.compiler.eval	interpretation_structure_witness_slots_digest	combine_hash	0	a	exempt	src/v2/compiler/05_eval.dag	7746	src/v2/compiler/05_eval.dag	7771	7795	Product(Fnv1a64Structural)	Primitive(Hash)	nominal=true container=false kernel=false bg_fa=false bg_af=false lookup_formal=true lookup_actual=true fname=Fnv1a64Structural aname=Hash	WouldDiagnose	
v2.compiler.eval	interpretation_structure_witness_slots_digest	combine_hash	1	b	exempt	src/v2/compiler/05_eval.dag	7746	src/v2/compiler/05_eval.dag	7826	7850	Product(Fnv1a64Structural)	Primitive(Hash)	nominal=true container=false kernel=false bg_fa=false bg_af=false lookup_formal=true lookup_actual=true fname=Fnv1a64Structural aname=Hash	WouldDiagnose	
v2.compiler.eval	interpretation_structure_witness_slots_digest	combine_hash	1	b	exempt	src/v2/compiler/05_eval.dag	7451	src/v2/compiler/05_eval.dag	7892	7916	Product(Fnv1a64Structural)	Primitive(Hash)	nominal=true container=false kernel=false bg_fa=false bg_af=false lookup_formal=true lookup_actual=true fname=Fnv1a64Structural aname=Hash	WouldDiagnose	
v2.compiler.eval	interpretation_structure_witness_digest	combine_hash	0	a	exempt	src/v2/compiler/05_eval.dag	8081	src/v2/compiler/05_eval.dag	8102	8126	Product(Fnv1a64Structural)	Primitive(Hash)	nominal=true container=false kernel=false bg_fa=false bg_af=false lookup_formal=true lookup_actual=true fname=Fnv1a64Structural aname=Hash	WouldDiagnose	
v2.compiler.eval	interpretation_structure_witness_digest	combine_hash	1	b	exempt	src/v2/compiler/05_eval.dag	8081	src/v2/compiler/05_eval.dag	8158	8203	Product(Fnv1a64Structural)	Primitive(Hash)	nominal=true container=false kernel=false bg_fa=false bg_af=false lookup_formal=true lookup_actual=true fname=Fnv1a64Structural aname=Hash	WouldDiagnose	
v2.compiler.eval	interpretation_algebra_executed_slots_digest	combine_hash	0	a	exempt	src/v2/compiler/05_eval.dag	10890	src/v2/compiler/05_eval.dag	10917	10965	Product(Fnv1a64Structural)	Primitive(Hash)	nominal=true container=false kernel=false bg_fa=false bg_af=false lookup_formal=true lookup_actual=true fname=Fnv1a64Structural aname=Hash	WouldDiagnose	
v2.compiler.eval	interpretation_algebra_executed_slots_digest	combine_hash	1	b	exempt	src/v2/compiler/05_eval.dag	10890	src/v2/compiler/05_eval.dag	11005	11057	Product(Fnv1a64Structural)	Primitive(Hash)	nominal=true container=false kernel=false bg_fa=false bg_af=false lookup_formal=true lookup_actual=true fname=Fnv1a64Structural aname=Hash	WouldDiagnose	
v2.compiler.eval	interpretation_algebra_executed_slots_digest	combine_hash	1	b	exempt	src/v2/compiler/05_eval.dag	10865	src/v2/compiler/05_eval.dag	11109	11158	Product(Fnv1a64Structural)	Primitive(Hash)	nominal=true container=false kernel=false bg_fa=false bg_af=false lookup_formal=true lookup_actual=true fname=Fnv1a64Structural aname=Hash	WouldDiagnose	
v2.compiler.eval	interpretation_algebra_executed_slots_digest	combine_hash	0	a	exempt	src/v2/compiler/05_eval.dag	11203	src/v2/compiler/05_eval.dag	11228	11275	Product(Fnv1a64Structural)	Primitive(Hash)	nominal=true container=false kernel=false bg_fa=false bg_af=false lookup_formal=true lookup_actual=true fname=Fnv1a64Structural aname=Hash	WouldDiagnose	
v2.compiler.eval	interpretation_algebra_executed_slots_digest	combine_hash	1	b	exempt	src/v2/compiler/05_eval.dag	11203	src/v2/compiler/05_eval.dag	11312	11359	Product(Fnv1a64Structural)	Primitive(Hash)	nominal=true container=false kernel=false bg_fa=false bg_af=false lookup_formal=true lookup_actual=true fname=Fnv1a64Structural aname=Hash	WouldDiagnose	
v2.compiler.eval	interpretation_algebra_executed_slots_digest	combine_hash	1	b	exempt	src/v2/compiler/05_eval.dag	10821	src/v2/compiler/05_eval.dag	11406	11454	Product(Fnv1a64Structural)	Primitive(Hash)	nominal=true container=false kernel=false bg_fa=false bg_af=false lookup_formal=true lookup_actual=true fname=Fnv1a64Structural aname=Hash	WouldDiagnose	
v2.compiler.eval	interpretation_algebra_executed_structure_digest	combine_hash	0	a	exempt	src/v2/compiler/05_eval.dag	11690	src/v2/compiler/05_eval.dag	11711	11735	Product(Fnv1a64Structural)	Primitive(Hash)	nominal=true container=false kernel=false bg_fa=false bg_af=false lookup_formal=true lookup_actual=true fname=Fnv1a64Structural aname=Hash	WouldDiagnose	
v2.compiler.eval	interpretation_algebra_executed_structure_digest	combine_hash	1	b	exempt	src/v2/compiler/05_eval.dag	11690	src/v2/compiler/05_eval.dag	11767	11811	Product(Fnv1a64Structural)	Primitive(Hash)	nominal=true container=false kernel=false bg_fa=false bg_af=false lookup_formal=true lookup_actual=true fname=Fnv1a64Structural aname=Hash	WouldDiagnose	
v2.compiler.eval	interpretation_algebra_executed_structure_digest	combine_hash	1	b	exempt	src/v2/compiler/05_eval.dag	12007	src/v2/compiler/05_eval.dag	12049	12088	Product(Fnv1a64Structural)	Primitive(Hash)	nominal=true container=false kernel=false bg_fa=false bg_af=false lookup_formal=true lookup_actual=true fname=Fnv1a64Structural aname=Hash	WouldDiagnose	
v2.compiler.eval	interpretation_v4_evaluator_registry_semantics_digest	combine_hash	0	a	exempt	src/v2/compiler/05_eval.dag	12312	src/v2/compiler/05_eval.dag	12333	12357	Product(Fnv1a64Structural)	Primitive(Hash)	nominal=true container=false kernel=false bg_fa=false bg_af=false lookup_formal=true lookup_actual=true fname=Fnv1a64Structural aname=Hash	WouldDiagnose	
v2.compiler.eval	interpretation_v4_evaluator_registry_semantics_digest	combine_hash	1	b	exempt	src/v2/compiler/05_eval.dag	12312	src/v2/compiler/05_eval.dag	12397	12441	Product(Fnv1a64Structural)	Primitive(Hash)	nominal=true container=false kernel=false bg_fa=false bg_af=false lookup_formal=true lookup_actual=true fname=Fnv1a64Structural aname=Hash	WouldDiagnose	
v2.compiler.eval	test_claim_evaluation_nodes_digest	combine_hash	0	a	exempt	src/v2/compiler/05_eval.dag	15337	src/v2/compiler/05_eval.dag	15353	15356	Product(Fnv1a64Structural)	Primitive(Hash)	nominal=true container=false kernel=false bg_fa=false bg_af=false lookup_formal=true lookup_actual=true fname=Fnv1a64Structural aname=Hash	WouldDiagnose	
v2.compiler.eval	test_claim_evaluation_nodes_digest	combine_hash	1	b	exempt	src/v2/compiler/05_eval.dag	15337	src/v2/compiler/05_eval.dag	15361	15373	Product(Fnv1a64Structural)	Primitive(Hash)	nominal=true container=false kernel=false bg_fa=false bg_af=false lookup_formal=true lookup_actual=true fname=Fnv1a64Structural aname=Hash	WouldDiagnose	
v2.compiler.eval	correction_verdict_digest	combine_hash	0	a	exempt	src/v2/compiler/05_eval.dag	16049	src/v2/compiler/05_eval.dag	16074	16098	Product(Fnv1a64Structural)	Primitive(Hash)	nominal=true container=false kernel=false bg_fa=false bg_af=false lookup_formal=true lookup_actual=true fname=Fnv1a64Structural aname=Hash	WouldDiagnose	
v2.compiler.eval	correction_verdict_digest	combine_hash	1	b	exempt	src/v2/compiler/05_eval.dag	16049	src/v2/compiler/05_eval.dag	16160	16172	Product(Fnv1a64Structural)	Primitive(Hash)	nominal=true container=false kernel=false bg_fa=false bg_af=false lookup_formal=true lookup_actual=true fname=Fnv1a64Structural aname=Hash	WouldDiagnose	
v2.compiler.eval	correction_verdict_digest	combine_hash	0	a	exempt	src/v2/compiler/05_eval.dag	16226	src/v2/compiler/05_eval.dag	16251	16275	Product(Fnv1a64Structural)	Primitive(Hash)	nominal=true container=false kernel=false bg_fa=false bg_af=false lookup_formal=true lookup_actual=true fname=Fnv1a64Structural aname=Hash	WouldDiagnose	
v2.compiler.eval	correction_verdict_digest	combine_hash	1	b	exempt	src/v2/compiler/05_eval.dag	16226	src/v2/compiler/05_eval.dag	16339	16366	Product(Fnv1a64Structural)	Primitive(Hash)	nominal=true container=false kernel=false bg_fa=false bg_af=false lookup_formal=true lookup_actual=true fname=Fnv1a64Structural aname=Hash	WouldDiagnose	
v2.compiler.eval	byte_offset_cache_key_extent_component	combine_hash	0	a	exempt	src/v2/compiler/05_eval.dag	16764	src/v2/compiler/05_eval.dag	16791	16815	Product(Fnv1a64Structural)	Primitive(Hash)	nominal=true container=false kernel=false bg_fa=false bg_af=false lookup_formal=true lookup_actual=true fname=Fnv1a64Structural aname=Hash	WouldDiagnose	
v2.compiler.eval	byte_offset_cache_key_extent_component	combine_hash	0	a	exempt	src/v2/compiler/05_eval.dag	16645	src/v2/compiler/05_eval.dag	16670	16694	Product(Fnv1a64Structural)	Primitive(Hash)	nominal=true container=false kernel=false bg_fa=false bg_af=false lookup_formal=true lookup_actual=true fname=Fnv1a64Structural aname=Hash	WouldDiagnose	
v2.compiler.eval	extent_cache_digest	combine_hash	0	a	exempt	src/v2/compiler/05_eval.dag	17103	src/v2/compiler/05_eval.dag	17130	17154	Product(Fnv1a64Structural)	Primitive(Hash)	nominal=true container=false kernel=false bg_fa=false bg_af=false lookup_formal=true lookup_actual=true fname=Fnv1a64Structural aname=Hash	WouldDiagnose	
v2.compiler.eval	extent_cache_digest	combine_hash	1	b	exempt	src/v2/compiler/05_eval.dag	17103	src/v2/compiler/05_eval.dag	17215	17253	Product(Fnv1a64Structural)	Primitive(Hash)	nominal=true container=false kernel=false bg_fa=false bg_af=false lookup_formal=true lookup_actual=true fname=Fnv1a64Structural aname=Hash	WouldDiagnose	
v2.compiler.eval	extent_cache_digest	combine_hash	1	b	exempt	src/v2/compiler/05_eval.dag	17078	src/v2/compiler/05_eval.dag	17311	17349	Product(Fnv1a64Structural)	Primitive(Hash)	nominal=true container=false kernel=false bg_fa=false bg_af=false lookup_formal=true lookup_actual=true fname=Fnv1a64Structural aname=Hash	WouldDiagnose	
v2.compiler.eval	locus_cache_digest	combine_hash	0	a	exempt	src/v2/compiler/05_eval.dag	17493	src/v2/compiler/05_eval.dag	17518	17542	Product(Fnv1a64Structural)	Primitive(Hash)	nominal=true container=false kernel=false bg_fa=false bg_af=false lookup_formal=true lookup_actual=true fname=Fnv1a64Structural aname=Hash	WouldDiagnose	
v2.compiler.eval	locus_cache_digest	combine_hash	1	b	exempt	src/v2/compiler/05_eval.dag	17493	src/v2/compiler/05_eval.dag	17594	17606	Product(Fnv1a64Structural)	Primitive(Hash)	nominal=true container=false kernel=false bg_fa=false bg_af=false lookup_formal=true lookup_actual=true fname=Fnv1a64Structural aname=Hash	WouldDiagnose	
v2.compiler.eval	locus_cache_digest	combine_hash	0	a	exempt	src/v2/compiler/05_eval.dag	17661	src/v2/compiler/05_eval.dag	17686	17710	Product(Fnv1a64Structural)	Primitive(Hash)	nominal=true container=false kernel=false bg_fa=false bg_af=false lookup_formal=true lookup_actual=true fname=Fnv1a64Structural aname=Hash	WouldDiagnose	
v2.compiler.eval	locus_cache_digest	combine_hash	1	b	exempt	src/v2/compiler/05_eval.dag	17661	src/v2/compiler/05_eval.dag	17762	17786	Product(Fnv1a64Structural)	Primitive(Hash)	nominal=true container=false kernel=false bg_fa=false bg_af=false lookup_formal=true lookup_actual=true fname=Fnv1a64Structural aname=Hash	WouldDiagnose	
v2.compiler.eval	locus_cache_digest	combine_hash	0	a	exempt	src/v2/compiler/05_eval.dag	17954	src/v2/compiler/05_eval.dag	17981	18005	Product(Fnv1a64Structural)	Primitive(Hash)	nominal=true container=false kernel=false bg_fa=false bg_af=false lookup_formal=true lookup_actual=true fname=Fnv1a64Structural aname=Hash	WouldDiagnose	
v2.compiler.eval	locus_cache_digest	combine_hash	1	b	exempt	src/v2/compiler/05_eval.dag	17954	src/v2/compiler/05_eval.dag	18028	18047	Product(Fnv1a64Structural)	Primitive(Hash)	nominal=true container=false kernel=false bg_fa=false bg_af=false lookup_formal=true lookup_actual=true fname=Fnv1a64Structural aname=Hash	WouldDiagnose	
v2.compiler.eval	locus_cache_digest	combine_hash	0	a	exempt	src/v2/compiler/05_eval.dag	17850	src/v2/compiler/05_eval.dag	17875	17899	Product(Fnv1a64Structural)	Primitive(Hash)	nominal=true container=false kernel=false bg_fa=false bg_af=false lookup_formal=true lookup_actual=true fname=Fnv1a64Structural aname=Hash	WouldDiagnose	
v2.compiler.eval	diagnostic_cache_digest	combine_hash	0	a	exempt	src/v2/compiler/05_eval.dag	18191	src/v2/compiler/05_eval.dag	18214	18238	Product(Fnv1a64Structural)	Primitive(Hash)	nominal=true container=false kernel=false bg_fa=false bg_af=false lookup_formal=true lookup_actual=true fname=Fnv1a64Structural aname=Hash	WouldDiagnose	
v2.compiler.eval	diagnostic_cache_digest	combine_hash	1	b	exempt	src/v2/compiler/05_eval.dag	18191	src/v2/compiler/05_eval.dag	18264	18289	Product(Fnv1a64Structural)	Primitive(Hash)	nominal=true container=false kernel=false bg_fa=false bg_af=false lookup_formal=true lookup_actual=true fname=Fnv1a64Structural aname=Hash	WouldDiagnose	
v2.compiler.eval	diagnostic_cache_digest	combine_hash	0	a	exempt	src/v2/compiler/05_eval.dag	18133	src/v2/compiler/05_eval.dag	18154	18172	Product(Fnv1a64Structural)	Primitive(Hash)	nominal=true container=false kernel=false bg_fa=false bg_af=false lookup_formal=true lookup_actual=true fname=Fnv1a64Structural aname=Hash	WouldDiagnose	
v2.compiler.eval	non_empty_diagnostics_cache_digest	combine_hash	0	a	exempt	src/v2/compiler/05_eval.dag	18637	src/v2/compiler/05_eval.dag	18658	18681	Product(Fnv1a64Structural)	Primitive(Hash)	nominal=true container=false kernel=false bg_fa=false bg_af=false lookup_formal=true lookup_actual=true fname=Fnv1a64Structural aname=Hash	WouldDiagnose	
v2.compiler.eval	non_empty_diagnostics_cache_digest	combine_hash	1	b	exempt	src/v2/compiler/05_eval.dag	18637	src/v2/compiler/05_eval.dag	18701	18733	Product(Fnv1a64Structural)	Primitive(Hash)	nominal=true container=false kernel=false bg_fa=false bg_af=false lookup_formal=true lookup_actual=true fname=Fnv1a64Structural aname=Hash	WouldDiagnose	
v2.compiler.eval	test_claim_claim_body_cache_digest	combine_hash	0	a	exempt	src/v2/compiler/05_eval.dag	19801	src/v2/compiler/05_eval.dag	19817	19829	Product(Fnv1a64Structural)	Primitive(Hash)	nominal=true container=false kernel=false bg_fa=false bg_af=false lookup_formal=true lookup_actual=true fname=Fnv1a64Structural aname=Hash	WouldDiagnose	
v2.compiler.eval	test_claim_claim_body_cache_digest	combine_hash	1	b	exempt	src/v2/compiler/05_eval.dag	19801	src/v2/compiler/05_eval.dag	19834	19868	Product(Fnv1a64Structural)	Primitive(Hash)	nominal=true container=false kernel=false bg_fa=false bg_af=false lookup_formal=true lookup_actual=true fname=Fnv1a64Structural aname=Hash	WouldDiagnose	
v2.compiler.eval	test_claim_claim_hash_digest	combine_hash	0	a	exempt	src/v2/compiler/05_eval.dag	20239	src/v2/compiler/05_eval.dag	20260	20291	Product(Fnv1a64Structural)	Primitive(Hash)	nominal=true container=false kernel=false bg_fa=false bg_af=false lookup_formal=true lookup_actual=true fname=Fnv1a64Structural aname=Hash	WouldDiagnose	
v2.compiler.eval	test_claim_claim_hash_digest	combine_hash	1	b	exempt	src/v2/compiler/05_eval.dag	20239	src/v2/compiler/05_eval.dag	20306	20340	Product(Fnv1a64Structural)	Primitive(Hash)	nominal=true container=false kernel=false bg_fa=false bg_af=false lookup_formal=true lookup_actual=true fname=Fnv1a64Structural aname=Hash	WouldDiagnose	
v2.compiler.eval	structural_property_witness_digest	combine_hash	0	a	exempt	src/v2/compiler/05_eval.dag	20550	src/v2/compiler/05_eval.dag	20571	20595	Product(Fnv1a64Structural)	Primitive(Hash)	nominal=true container=false kernel=false bg_fa=false bg_af=false lookup_formal=true lookup_actual=true fname=Fnv1a64Structural aname=Hash	WouldDiagnose	
v2.compiler.eval	structural_property_witness_digest	combine_hash	1	b	exempt	src/v2/compiler/05_eval.dag	20550	src/v2/compiler/05_eval.dag	20621	20633	Product(Fnv1a64Structural)	Primitive(Hash)	nominal=true container=false kernel=false bg_fa=false bg_af=false lookup_formal=true lookup_actual=true fname=Fnv1a64Structural aname=Hash	WouldDiagnose	
v2.compiler.eval	termination_proof_digest	combine_hash	0	a	exempt	src/v2/compiler/05_eval.dag	21112	src/v2/compiler/05_eval.dag	21128	21131	Product(Fnv1a64Structural)	Primitive(Hash)	nominal=true container=false kernel=false bg_fa=false bg_af=false lookup_formal=true lookup_actual=true fname=Fnv1a64Structural aname=Hash	WouldDiagnose	
v2.compiler.eval	termination_proof_digest	combine_hash	1	b	exempt	src/v2/compiler/05_eval.dag	21112	src/v2/compiler/05_eval.dag	21136	21160	Product(Fnv1a64Structural)	Primitive(Hash)	nominal=true container=false kernel=false bg_fa=false bg_af=false lookup_formal=true lookup_actual=true fname=Fnv1a64Structural aname=Hash	WouldDiagnose	
v2.compiler.eval	termination_proof_digest	combine_hash	0	a	exempt	src/v2/compiler/05_eval.dag	20865	src/v2/compiler/05_eval.dag	20886	20910	Product(Fnv1a64Structural)	Primitive(Hash)	nominal=true container=false kernel=false bg_fa=false bg_af=false lookup_formal=true lookup_actual=true fname=Fnv1a64Structural aname=Hash	WouldDiagnose	
v2.compiler.eval	termination_proof_digest	combine_hash	1	b	exempt	src/v2/compiler/05_eval.dag	20865	src/v2/compiler/05_eval.dag	20936	20945	Product(Fnv1a64Structural)	Primitive(Hash)	nominal=true container=false kernel=false bg_fa=false bg_af=false lookup_formal=true lookup_actual=true fname=Fnv1a64Structural aname=Hash	WouldDiagnose	
v2.compiler.eval	witness_cache_holds_digest	combine_hash	0	a	exempt	src/v2/compiler/05_eval.dag	21246	src/v2/compiler/05_eval.dag	21267	21291	Product(Fnv1a64Structural)	Primitive(Hash)	nominal=true container=false kernel=false bg_fa=false bg_af=false lookup_formal=true lookup_actual=true fname=Fnv1a64Structural aname=Hash	WouldDiagnose	
v2.compiler.eval	witness_cache_holds_digest	combine_hash	1	b	exempt	src/v2/compiler/05_eval.dag	21246	src/v2/compiler/05_eval.dag	21342	21349	Product(Fnv1a64Structural)	Primitive(Hash)	nominal=true container=false kernel=false bg_fa=false bg_af=false lookup_formal=true lookup_actual=true fname=Fnv1a64Structural aname=Hash	WouldDiagnose	
v2.compiler.eval	witness_cache_violates_digest	combine_hash	0	a	exempt	src/v2/compiler/05_eval.dag	21420	src/v2/compiler/05_eval.dag	21441	21465	Product(Fnv1a64Structural)	Primitive(Hash)	nominal=true container=false kernel=false bg_fa=false bg_af=false lookup_formal=true lookup_actual=true fname=Fnv1a64Structural aname=Hash	WouldDiagnose	
v2.compiler.eval	witness_cache_violates_digest	combine_hash	1	b	exempt	src/v2/compiler/05_eval.dag	21420	src/v2/compiler/05_eval.dag	21519	21542	Product(Fnv1a64Structural)	Primitive(Hash)	nominal=true container=false kernel=false bg_fa=false bg_af=false lookup_formal=true lookup_actual=true fname=Fnv1a64Structural aname=Hash	WouldDiagnose	
v2.compiler.eval	inferred_facts_digest	combine_hash	0	a	exempt	src/v2/compiler/05_eval.dag	22293	src/v2/compiler/05_eval.dag	22322	22356	Product(Fnv1a64Structural)	Primitive(Hash)	nominal=true container=false kernel=false bg_fa=false bg_af=false lookup_formal=true lookup_actual=true fname=Fnv1a64Structural aname=Hash	WouldDiagnose	
v2.compiler.eval	inferred_facts_digest	combine_hash	1	b	exempt	src/v2/compiler/05_eval.dag	22293	src/v2/compiler/05_eval.dag	22398	22432	Product(Fnv1a64Structural)	Primitive(Hash)	nominal=true container=false kernel=false bg_fa=false bg_af=false lookup_formal=true lookup_actual=true fname=Fnv1a64Structural aname=Hash	WouldDiagnose	
v2.compiler.eval	inferred_facts_digest	combine_hash	1	b	exempt	src/v2/compiler/05_eval.dag	22266	src/v2/compiler/05_eval.dag	22484	22506	Product(Fnv1a64Structural)	Primitive(Hash)	nominal=true container=false kernel=false bg_fa=false bg_af=false lookup_formal=true lookup_actual=true fname=Fnv1a64Structural aname=Hash	WouldDiagnose	
v2.compiler.eval	inferred_facts_digest	combine_hash	0	a	exempt	src/v2/compiler/05_eval.dag	22205	src/v2/compiler/05_eval.dag	22230	22242	Product(Fnv1a64Structural)	Primitive(Hash)	nominal=true container=false kernel=false bg_fa=false bg_af=false lookup_formal=true lookup_actual=true fname=Fnv1a64Structural aname=Hash	WouldDiagnose	
v2.compiler.eval	inferred_facts_digest	combine_hash	0	a	exempt	src/v2/compiler/05_eval.dag	22636	src/v2/compiler/05_eval.dag	22663	22675	Product(Fnv1a64Structural)	Primitive(Hash)	nominal=true container=false kernel=false bg_fa=false bg_af=false lookup_formal=true lookup_actual=true fname=Fnv1a64Structural aname=Hash	WouldDiagnose	
v2.compiler.eval	inferred_facts_digest	combine_hash	1	b	exempt	src/v2/compiler/05_eval.dag	22636	src/v2/compiler/05_eval.dag	22735	22747	Product(Fnv1a64Structural)	Primitive(Hash)	nominal=true container=false kernel=false bg_fa=false bg_af=false lookup_formal=true lookup_actual=true fname=Fnv1a64Structural aname=Hash	WouldDiagnose	
v2.compiler.eval	inferred_facts_digest	combine_hash	1	b	exempt	src/v2/compiler/05_eval.dag	22611	src/v2/compiler/05_eval.dag	22776	22798	Product(Fnv1a64Structural)	Primitive(Hash)	nominal=true container=false kernel=false bg_fa=false bg_af=false lookup_formal=true lookup_actual=true fname=Fnv1a64Structural aname=Hash	WouldDiagnose	
v2.compiler.eval	inferred_node_facts_cache_digest	combine_hash	0	a	exempt	src/v2/compiler/05_eval.dag	22935	src/v2/compiler/05_eval.dag	22956	22968	Product(Fnv1a64Structural)	Primitive(Hash)	nominal=true container=false kernel=false bg_fa=false bg_af=false lookup_formal=true lookup_actual=true fname=Fnv1a64Structural aname=Hash	WouldDiagnose	
v2.compiler.eval	inferred_node_facts_cache_digest	combine_hash	1	b	exempt	src/v2/compiler/05_eval.dag	22935	src/v2/compiler/05_eval.dag	22986	22991	Product(Fnv1a64Structural)	Primitive(Hash)	nominal=true container=false kernel=false bg_fa=false bg_af=false lookup_formal=true lookup_actual=true fname=Fnv1a64Structural aname=Hash	WouldDiagnose	
v2.compiler.eval	inferred_tree_digest	combine_hash	0	a	exempt	src/v2/compiler/05_eval.dag	23623	src/v2/compiler/05_eval.dag	23644	23656	Product(Fnv1a64Structural)	Primitive(Hash)	nominal=true container=false kernel=false bg_fa=false bg_af=false lookup_formal=true lookup_actual=true fname=Fnv1a64Structural aname=Hash	WouldDiagnose	
v2.compiler.eval	inferred_tree_digest	combine_hash	1	b	exempt	src/v2/compiler/05_eval.dag	23623	src/v2/compiler/05_eval.dag	23679	23715	Product(Fnv1a64Structural)	Primitive(Hash)	nominal=true container=false kernel=false bg_fa=false bg_af=false lookup_formal=true lookup_actual=true fname=Fnv1a64Structural aname=Hash	WouldDiagnose	
v2.compiler.eval	interpretation_cache_digest_authority_hash	combine_hash	0	a	exempt	src/v2/compiler/05_eval.dag	25812	src/v2/compiler/05_eval.dag	25839	25863	Product(Fnv1a64Structural)	Primitive(Hash)	nominal=true container=false kernel=false bg_fa=false bg_af=false lookup_formal=true lookup_actual=true fname=Fnv1a64Structural aname=Hash	WouldDiagnose	
v2.compiler.eval	interpretation_cache_digest_authority_hash	combine_hash	1	b	exempt	src/v2/compiler/05_eval.dag	25812	src/v2/compiler/05_eval.dag	25901	25918	Product(Fnv1a64Structural)	Primitive(Hash)	nominal=true container=false kernel=false bg_fa=false bg_af=false lookup_formal=true lookup_actual=true fname=Fnv1a64Structural aname=Hash	WouldDiagnose	
v2.compiler.eval	interpretation_cache_digest_authority_hash	combine_hash	0	a	exempt	src/v2/compiler/05_eval.dag	25696	src/v2/compiler/05_eval.dag	25721	25745	Product(Fnv1a64Structural)	Primitive(Hash)	nominal=true container=false kernel=false bg_fa=false bg_af=false lookup_formal=true lookup_actual=true fname=Fnv1a64Structural aname=Hash	WouldDiagnose	
v2.compiler.eval	interpretation_cache_digest_authority_hash	combine_hash	0	a	exempt	src/v2/compiler/05_eval.dag	26262	src/v2/compiler/05_eval.dag	26291	26315	Product(Fnv1a64Structural)	Primitive(Hash)	nominal=true container=false kernel=false bg_fa=false bg_af=false lookup_formal=true lookup_actual=true fname=Fnv1a64Structural aname=Hash	WouldDiagnose	
v2.compiler.eval	interpretation_cache_digest_authority_hash	combine_hash	1	b	exempt	src/v2/compiler/05_eval.dag	26262	src/v2/compiler/05_eval.dag	26355	26371	Product(Fnv1a64Structural)	Primitive(Hash)	nominal=true container=false kernel=false bg_fa=false bg_af=false lookup_formal=true lookup_actual=true fname=Fnv1a64Structural aname=Hash	WouldDiagnose	
v2.compiler.eval	interpretation_cache_digest_authority_hash	combine_hash	1	b	exempt	src/v2/compiler/05_eval.dag	26235	src/v2/compiler/05_eval.dag	26398	26414	Product(Fnv1a64Structural)	Primitive(Hash)	nominal=true container=false kernel=false bg_fa=false bg_af=false lookup_formal=true lookup_actual=true fname=Fnv1a64Structural aname=Hash	WouldDiagnose	
v2.compiler.eval	interpretation_cache_digest_authority_hash	combine_hash	0	a	exempt	src/v2/compiler/05_eval.dag	26113	src/v2/compiler/05_eval.dag	26138	26162	Product(Fnv1a64Structural)	Primitive(Hash)	nominal=true container=false kernel=false bg_fa=false bg_af=false lookup_formal=true lookup_actual=true fname=Fnv1a64Structural aname=Hash	WouldDiagnose	
v2.compiler.eval	test_claim_evaluator_digest_node	combine_hash	0	a	exempt	src/v2/compiler/05_eval.dag	26856	src/v2/compiler/05_eval.dag	26877	26901	Product(Fnv1a64Structural)	Primitive(Hash)	nominal=true container=false kernel=false bg_fa=false bg_af=false lookup_formal=true lookup_actual=true fname=Fnv1a64Structural aname=Hash	WouldDiagnose	
v2.compiler.eval	test_claim_evaluator_digest_node	combine_hash	1	b	exempt	src/v2/compiler/05_eval.dag	26856	src/v2/compiler/05_eval.dag	26936	26974	Product(Fnv1a64Structural)	Primitive(Hash)	nominal=true container=false kernel=false bg_fa=false bg_af=false lookup_formal=true lookup_actual=true fname=Fnv1a64Structural aname=Hash	WouldDiagnose	
v2.compiler.eval	test_claim_cache_interpretation_hash_node	combine_hash	0	a	exempt	src/v2/compiler/05_eval.dag	27160	src/v2/compiler/05_eval.dag	27183	27221	Product(Fnv1a64Structural)	Primitive(Hash)	nominal=true container=false kernel=false bg_fa=false bg_af=false lookup_formal=true lookup_actual=true fname=Fnv1a64Structural aname=Hash	WouldDiagnose	
v2.compiler.eval	test_claim_cache_interpretation_hash_node	combine_hash	1	b	exempt	src/v2/compiler/05_eval.dag	27160	src/v2/compiler/05_eval.dag	27258	27290	Product(Fnv1a64Structural)	Primitive(Hash)	nominal=true container=false kernel=false bg_fa=false bg_af=false lookup_formal=true lookup_actual=true fname=Fnv1a64Structural aname=Hash	WouldDiagnose	
v2.compiler.eval	test_claim_cache_interpretation_hash_node	combine_hash	0	a	exempt	src/v2/compiler/05_eval.dag	27090	src/v2/compiler/05_eval.dag	27111	27131	Product(Fnv1a64Structural)	Primitive(Hash)	nominal=true container=false kernel=false bg_fa=false bg_af=false lookup_formal=true lookup_actual=true fname=Fnv1a64Structural aname=Hash	WouldDiagnose	
v2.compiler.emit	serialize_source_for_emitted	target_serialize_source_from_model	1	emitted	exempt	src/v2/compiler/05_emit.dag	439	src/v2/compiler/05_emit.dag	499	506	Product(Node)	Primitive(TargetNodeTree)	nominal=true container=false kernel=false bg_fa=false bg_af=false lookup_formal=true lookup_actual=true fname=Node aname=TargetNodeTree	WouldDiagnose	
v2.compiler.source_authority	source_ast_equal_witness	source_authority_node_equal	0	left	exempt	src/v2/compiler/source_authority.dag	60231	src/v2/compiler/source_authority.dag	60273	60274	Product(Node)	Primitive(ParseTree)	nominal=true container=false kernel=false bg_fa=false bg_af=false lookup_formal=true lookup_actual=true fname=Node aname=ParseTree	WouldDiagnose	
v2.compiler.source_authority	source_ast_equal_witness	source_authority_node_equal	1	right	exempt	src/v2/compiler/source_authority.dag	60231	src/v2/compiler/source_authority.dag	60295	60296	Product(Node)	Primitive(ParseTree)	nominal=true container=false kernel=false bg_fa=false bg_af=false lookup_formal=true lookup_actual=true fname=Node aname=ParseTree	WouldDiagnose	
v2.compiler.source_authority	semantic_ir_equal_witness	source_authority_node_equal	0	left	exempt	src/v2/compiler/source_authority.dag	61083	src/v2/compiler/source_authority.dag	61125	61126	Product(Node)	Primitive(ResolvedTree)	nominal=true container=false kernel=false bg_fa=false bg_af=false lookup_formal=true lookup_actual=true fname=Node aname=ResolvedTree	WouldDiagnose	
v2.compiler.source_authority	semantic_ir_equal_witness	source_authority_node_equal	1	right	exempt	src/v2/compiler/source_authority.dag	61083	src/v2/compiler/source_authority.dag	61147	61148	Product(Node)	Primitive(ResolvedTree)	nominal=true container=false kernel=false bg_fa=false bg_af=false lookup_formal=true lookup_actual=true fname=Node aname=ResolvedTree	WouldDiagnose	
v2.compiler.source_authority	source_authority_round_trip_with_model	target_serialize_source_from_model	1	emitted	exempt	src/v2/compiler/source_authority.dag	65353	src/v2/compiler/source_authority.dag	65470	65471	Product(Node)	Primitive(ResolvedTree)	nominal=true container=false kernel=false bg_fa=false bg_af=false lookup_formal=true lookup_actual=true fname=Node aname=ResolvedTree	WouldDiagnose	
v2.compiler.source_authority	source_authority_round_trip_with_model	target_serialize_source_from_model	1	emitted	exempt	src/v2/compiler/source_authority.dag	65576	src/v2/compiler/source_authority.dag	65701	65702	Product(Node)	Primitive(ResolvedTree)	nominal=true container=false kernel=false bg_fa=false bg_af=false lookup_formal=true lookup_actual=true fname=Node aname=ResolvedTree	WouldDiagnose	
v2.compiler.source_authority	canonical_dag_source_parse_print_law	target_serialize_source_from_model	1	emitted	exempt	src/v2/compiler/source_authority.dag	68240	src/v2/compiler/source_authority.dag	68357	68358	Product(Node)	Primitive(ResolvedTree)	nominal=true container=false kernel=false bg_fa=false bg_af=false lookup_formal=true lookup_actual=true fname=Node aname=ResolvedTree	WouldDiagnose	
v2.compiler.source_authority	canonical_dag_source_parse_print_law	target_serialize_source_from_model	1	emitted	exempt	src/v2/compiler/source_authority.dag	68463	src/v2/compiler/source_authority.dag	68588	68589	Product(Node)	Primitive(ResolvedTree)	nominal=true container=false kernel=false bg_fa=false bg_af=false lookup_formal=true lookup_actual=true fname=Node aname=ResolvedTree	WouldDiagnose	
v2.compiler.compile	compile_inferred	inputs_root_only	0	root	exempt	src/v2/compiler/00_compile.dag	10784	src/v2/compiler/00_compile.dag	10807	10814	Product(Node)	Primitive(RuntimeTarget)	nominal=true container=false kernel=false bg_fa=false bg_af=false lookup_formal=true lookup_actual=true fname=Node aname=RuntimeTarget	WouldDiagnose	
v2.compiler.compile	compile	infer	0	tree	exempt	src/v2/compiler/00_compile.dag	11126	src/v2/compiler/00_compile.dag	11138	11144	Primitive(ResolvedTree)	Primitive(CoreNode)	nominal=true container=false kernel=false bg_fa=false bg_af=false lookup_formal=true lookup_actual=true fname=ResolvedTree aname=CoreNode	WouldDiagnose	
v2.compiler.compile	validate_then_compile	infer	0	tree	exempt	src/v2/compiler/00_compile.dag	11602	src/v2/compiler/00_compile.dag	11614	11620	Primitive(ResolvedTree)	Primitive(CoreNode)	nominal=true container=false kernel=false bg_fa=false bg_af=false lookup_formal=true lookup_actual=true fname=ResolvedTree aname=CoreNode	WouldDiagnose	
v2.compiler.compile	compile_ingest_with_admission	validate_then_compile	0	source	exempt	src/v2/compiler/00_compile.dag	13625	src/v2/compiler/00_compile.dag	13678	13686	Primitive(CoreNode)	Primitive(ResolvedTree)	nominal=true container=false kernel=false bg_fa=false bg_af=false lookup_formal=true lookup_actual=true fname=CoreNode aname=ResolvedTree	WouldDiagnose	
v2.compiler.compile	compile_source_root_ingest_with_admission	validate_then_compile	0	source	exempt	src/v2/compiler/00_compile.dag	14805	src/v2/compiler/00_compile.dag	14846	14854	Primitive(CoreNode)	Product(Node)	nominal=true container=false kernel=false bg_fa=false bg_af=false lookup_formal=true lookup_actual=true fname=CoreNode aname=Node	WouldDiagnose	
v2.compiler.compile	stage_translate	validate_then_compile	0	source	exempt	src/v2/compiler/00_compile.dag	16235	src/v2/compiler/00_compile.dag	16274	16282	Primitive(CoreNode)	Primitive(ResolvedTree)	nominal=true container=false kernel=false bg_fa=false bg_af=false lookup_formal=true lookup_actual=true fname=CoreNode aname=ResolvedTree	WouldDiagnose	
v2.compiler.ingest	parse_tree_to_emitted_node	operational_parse_tree_project_to_formal_captures	0	captured	exempt	src/v2/compiler/03_ingest.dag	6187	src/v2/compiler/03_ingest.dag	6256	6266	Product(Node)	Primitive(ParseTree)	nominal=true container=false kernel=false bg_fa=false bg_af=false lookup_formal=true lookup_actual=true fname=Node aname=ParseTree	WouldDiagnose	
v2.compiler.ingest	parse_tree_to_target_model_bridge	infer	0	tree	exempt	src/v2/compiler/03_ingest.dag	6676	src/v2/compiler/03_ingest.dag	6688	6695	Primitive(ResolvedTree)	Product(Node)	nominal=true container=false kernel=false bg_fa=false bg_af=false lookup_formal=true lookup_actual=true fname=ResolvedTree aname=Node	WouldDiagnose	
v2.compiler.ingest	cross_language_compile	neutralize_core_for_target	0	core	exempt	src/v2/compiler/03_ingest.dag	7251	src/v2/compiler/03_ingest.dag	7284	7288	Product(Node)	Primitive(CoreNode)	nominal=true container=false kernel=false bg_fa=false bg_af=false lookup_formal=true lookup_actual=true fname=Node aname=CoreNode	WouldDiagnose	
v2.compiler.ingest	cross_language_compile	infer	0	tree	exempt	src/v2/compiler/03_ingest.dag	7381	src/v2/compiler/03_ingest.dag	7393	7404	Primitive(ResolvedTree)	Product(Node)	nominal=true container=false kernel=false bg_fa=false bg_af=false lookup_formal=true lookup_actual=true fname=ResolvedTree aname=Node	WouldDiagnose	
